,X Axis,Y Axis,Z Axis
612424,0.02401733,-0.010306,-1.01271176
612426,0.01799786,-0.00415313,-1.00654101
612429,0.01799786,-0.010306,-1.00654101
612431,0.01799786,-0.010306,-1.00654101
612433,-0.00006026,-0.0226118,-1.01271176
612435,0.01799786,-0.00415313,-0.99419951
612439,0.01799786,-0.010306,-1.00037026
612441,0.01799786,-0.010306,-1.00037026
612443,0.01799786,-0.010306,-1.00037026
612446,0.01799786,-0.010306,-1.00037026
612448,0.01799786,-0.00415313,-1.00037026
612450,-0.00006026,-0.0226118,-1.00654101
612453,0.02401733,-0.00415313,-1.00037026
612455,0.02401733,-0.00415313,-1.00654101
612457,0.01799786,0.00199974,-1.00654101
612460,0.01799786,-0.00415313,-1.00654101
612462,0.02401733,-0.00415313,-1.00654101
612464,0.01799786,-0.00415313,-1.00654101
612466,0.01197851,-0.0226118,-1.01888251
612469,0.02401733,-0.00415313,-1.00654101
612471,0.02401733,-0.00415313,-1.00654101
612473,0.02401733,0.00199974,-1.00654101
612476,0.01799786,-0.00415313,-1.00654101
612478,0.01799786,-0.00415313,-1.00654101
612481,0.02401733,-0.010306,-1.00037026
612484,0.02401733,-0.01645893,-1.01271176
612486,0.01799786,-0.00415313,-1.00654101
612488,0.02401733,-0.00415313,-1.00654101
612491,0.01799786,-0.00415313,-1.00654101
612493,0.01799786,-0.00415313,-1.00037026
612495,0.02401733,-0.010306,-1.00037026
612497,0.01799786,-0.010306,-1.00037026
612500,0.03003669,-0.00415313,-0.99419951
612502,0.02401733,-0.010306,-0.99419951
612504,0.02401733,-0.010306,-1.00037026
612507,0.02401733,-0.010306,-1.00037026
612509,0.02401733,-0.0226118,-1.00037026
612511,0.02401733,-0.01645893,-1.00654101
612514,0.02401733,-0.01645893,-1.00654101
612516,0.03003669,-0.010306,-1.00037026
612518,0.02401733,-0.01645893,-1.00654101
612520,0.02401733,-0.0226118,-1.00037026
612524,0.01799786,-0.0226118,-1.00654101
612526,0.02401733,-0.0226118,-1.00037026
612528,0.02401733,-0.0226118,-1.00654101
612531,0.02401733,-0.0226118,-1.00654101
612533,0.03003669,-0.010306,-1.01271176
612535,0.02401733,-0.010306,-1.00654101
612538,0.02401733,-0.010306,-1.00654101
612540,0.02401733,-0.01645893,-1.00654101
612542,0.02401733,-0.01645893,-1.00037026
612545,0.01799786,-0.01645893,-1.00037026
612547,0.01799786,-0.01645893,-0.99419951
612549,0.01799786,-0.010306,-1.00037026
612551,0.01799786,-0.010306,-1.00037026
612554,0.01197851,-0.010306,-1.00654101
612556,0.01799786,-0.01645893,-1.00654101
612558,0.01799786,-0.010306,-1.00037026
612561,0.01197851,-0.010306,-1.00037026
612563,0.01799786,-0.010306,-1.00654101
612566,0.01799786,-0.010306,-1.00654101
612569,0.01799786,-0.00415313,-1.00037026
612571,0.01197851,-0.010306,-1.00654101
612573,0.01799786,-0.010306,-1.00654101
612576,0.01197851,-0.010306,-1.00654101
612578,0.01799786,-0.00415313,-1.00654101
612580,0.01799786,-0.00415313,-1.00654101
612582,0.01799786,-0.00415313,-1.01271176
612585,0.01799786,-0.00415313,-1.00654101
612587,0.02401733,-0.00415313,-1.00654101
612589,0.01799786,-0.010306,-1.00654101
612592,0.01197851,-0.01645893,-1.00654101
612594,0.01799786,-0.01645893,-1.00654101
612596,0.01799786,-0.01645893,-1.00654101
612599,0.02401733,-0.01645893,-1.00654101
612601,0.01197851,-0.0226118,-1.00654101
612603,0.02401733,-0.010306,-1.00037026
612606,0.01799786,-0.010306,-1.00654101
612609,0.01799786,-0.010306,-1.00654101
612611,0.01799786,-0.010306,-1.00654101
612613,0.01799786,-0.010306,-1.00037026
612616,0.02401733,-0.010306,-1.00654101
612618,0.01799786,-0.01645893,-1.01271176
612620,0.01799786,-0.00415313,-1.01271176
612623,0.01799786,-0.00415313,-1.01271176
612625,0.01799786,-0.010306,-1.00654101
612627,0.01799786,-0.010306,-1.00654101
612630,0.01197851,-0.010306,-1.00037026
612632,0.01799786,-0.01645893,-1.00654101
612634,0.02401733,-0.0226118,-1.01271176
612637,0.01799786,-0.010306,-1.00037026
612639,0.01799786,-0.01645893,-1.00037026
612641,0.01799786,-0.01645893,-1.00654101
612643,0.01799786,-0.01645893,-1.00654101
612646,0.01799786,-0.01645893,-1.00654101
612648,0.01799786,-0.01645893,-1.00654101
612651,0.02401733,-0.01645893,-1.00654101
612654,0.01799786,-0.010306,-0.99419951
612656,0.02401733,-0.01645893,-1.00037026
612658,0.01799786,-0.01645893,-0.99419951
612661,0.01799786,-0.01645893,-1.00037026
612663,0.01799786,-0.01645893,-1.00037026
612665,0.01799786,-0.01645893,-1.00654101
612668,0.02401733,-0.010306,-1.00037026
612670,0.02401733,-0.01645893,-1.00654101
612672,0.01799786,-0.01645893,-1.00654101
612675,0.01799786,-0.010306,-1.00654101
612677,0.01799786,-0.01645893,-1.00037026
612679,0.01799786,-0.01645893,-1.00654101
612681,0.02401733,-0.01645893,-1.01271176
612684,0.02401733,-0.00415313,-1.00037026
612686,0.01799786,-0.01645893,-1.00654101
612688,0.01799786,-0.010306,-1.01271176
612691,0.01799786,-0.01645893,-1.01271176
612694,0.01197851,-0.01645893,-1.00654101
612696,0.02401733,-0.01645893,-1.01271176
612699,0.01799786,-0.01645893,-1.01271176
612701,0.01799786,-0.00415313,-1.00654101
612703,0.02401733,-0.010306,-1.00654101
612706,0.01799786,-0.010306,-1.00654101
612708,0.01799786,-0.01645893,-1.00654101
612710,0.01799786,-0.010306,-1.00654101
612712,0.02401733,-0.010306,-1.00654101
612715,0.02401733,-0.00415313,-1.00654101
612717,0.00595915,-0.01645893,-1.00654101
612719,0.01799786,-0.010306,-1.00654101
612722,0.01799786,-0.010306,-1.00037026
612724,0.01799786,-0.00415313,-1.00654101
612726,0.01799786,-0.00415313,-1.01271176
612729,0.01799786,-0.00415313,-1.00654101
612731,0.01799786,-0.00415313,-1.00654101
612733,0.00595915,-0.0226118,-1.01271176
612737,0.01799786,-0.010306,-1.00037026
612739,0.01799786,-0.010306,-1.00037026
612741,0.01799786,-0.010306,-1.00037026
612743,0.02401733,-0.010306,-1.00037026
612746,0.01799786,-0.01645893,-1.00037026
612748,0.01799786,-0.01645893,-1.00037026
612750,-0.00006026,-0.03491759,-1.01271176
612753,0.01799786,-0.01645893,-1.00654101
612755,0.01799786,-0.01645893,-1.00654101
612757,0.01799786,-0.01645893,-1.00654101
612760,0.01799786,-0.0226118,-1.00654101
612762,0.02401733,-0.01645893,-1.00654101
612764,0.02401733,-0.01645893,-1.00654101
612767,0.00595915,-0.02876472,-1.01271176
612769,0.02401733,-0.010306,-1.00654101
612771,0.02401733,-0.010306,-1.00654101
612773,0.01799786,-0.010306,-1.00654101
612776,0.01799786,-0.01645893,-1.00654101
612779,0.01799786,-0.01645893,-1.00654101
612781,0.02401733,-0.01645893,-1.00037026
612784,0.01799786,-0.03491759,-1.00654101
612786,0.02401733,-0.01645893,-1.00037026
612788,0.02401733,-0.010306,-1.00654101
612791,0.02401733,-0.01645893,-1.00654101
612793,0.02401733,-0.010306,-1.00654101
612795,0.01799786,-0.010306,-1.00037026
612797,0.02401733,-0.010306,-1.00037026
612800,0.03003669,-0.00415313,-1.00037026
612802,0.02401733,-0.010306,-1.00654101
612804,0.02401733,-0.010306,-1.00654101
612807,0.01799786,-0.010306,-1.00037026
612809,0.01799786,-0.010306,-1.00037026
612811,0.02401733,-0.010306,-1.00037026
612814,0.02401733,-0.010306,-1.00037026
612816,0.03003669,0.00199974,-0.99419951
612818,0.01799786,-0.010306,-1.00654101
612820,0.01799786,-0.010306,-1.00654101
612824,0.01197851,-0.010306,-1.00654101
612826,0.01799786,-0.010306,-1.00654101
612828,0.01799786,-0.010306,-1.00654101
612831,0.01799786,-0.010306,-1.00654101
612833,0.02401733,-0.00415313,-1.00037026
612835,0.01799786,-0.010306,-1.00654101
612838,0.01799786,-0.010306,-1.01271176
612840,0.01197851,-0.010306,-1.01271176
612842,0.01799786,-0.00415313,-1.00654101
612845,0.01799786,-0.010306,-1.01271176
612847,0.01799786,-0.00415313,-1.00654101
612849,0.01799786,0.00199974,-0.99419951
612851,0.01799786,-0.010306,-1.00037026
612854,0.01799786,-0.00415313,-1.00037026
612856,0.01799786,-0.010306,-1.00037026
612858,0.01799786,-0.010306,-0.99419951
612861,0.01799786,-0.010306,-1.00037026
612864,0.02401733,-0.010306,-1.00037026
612866,0.02401733,-0.00415313,-1.00037026
612869,0.02401733,-0.00415313,-1.00037026
612871,0.02401733,-0.010306,-1.00654101
612873,0.01799786,-0.00415313,-1.00654101
612876,0.01799786,-0.010306,-1.00654101
612878,0.01799786,-0.01645893,-1.00654101
612880,0.02401733,-0.010306,-1.00654101
612882,0.01799786,-0.010306,-1.01271176
612885,0.01799786,-0.00415313,-1.00654101
612887,0.03003669,-0.00415313,-1.00654101
612889,0.02401733,-0.010306,-1.00654101
612892,0.02401733,-0.010306,-1.00654101
612894,0.01799786,-0.010306,-1.00654101
612896,0.01799786,-0.010306,-1.00654101
612899,0.01799786,-0.01645893,-1.00654101
612901,0.01197851,-0.01645893,-1.00654101
612903,0.01799786,-0.01645893,-1.00037026
612907,0.01197851,-0.01645893,-1.00654101
612909,0.01799786,-0.010306,-1.00037026
612911,0.01799786,-0.010306,-1.00037026
612913,0.01799786,-0.01645893,-1.00037026
612916,0.01799786,-0.01645893,-1.00654101
612918,0.01197851,-0.0226118,-1.01271176
612920,0.01799786,-0.01645893,-1.00037026
612923,0.01799786,-0.0226118,-1.00654101
612925,0.01799786,-0.0226118,-1.00654101
612927,0.01799786,-0.01645893,-1.00654101
612930,0.01799786,-0.01645893,-1.00037026
612932,0.01799786,-0.010306,-1.00654101
612934,0.01799786,-0.01645893,-1.01271176
612937,0.01799786,-0.010306,-1.00037026
612939,0.01799786,-0.010306,-1.00654101
612941,0.01799786,-0.010306,-1.00037026
612944,0.01799786,-0.010306,-1.00037026
612946,0.01799786,-0.010306,-1.00037026
612948,0.02401733,-0.00415313,-1.00037026
612951,0.02401733,-0.010306,-1.00654101
612954,0.01799786,-0.00415313,-1.00654101
612956,0.02401733,-0.00415313,-1.00654101
612958,0.01799786,-0.00415313,-1.00654101
612961,0.02401733,-0.00415313,-1.00654101
612963,0.02401733,0.00199974,-1.00654101
612965,0.02401733,-0.00415313,-1.00037026
612968,0.03003669,0.00199974,-1.00037026
612970,0.01799786,-0.010306,-1.00037026
612972,0.01799786,-0.010306,-1.00037026
612974,0.01799786,-0.010306,-1.00037026
612977,0.01799786,-0.010306,-1.00037026
612979,0.01197851,-0.010306,-1.00654101
612981,0.01197851,-0.01645893,-1.00654101
612984,0.02401733,0.00199974,-1.00037026
612986,0.01799786,-0.010306,-1.00654101
612988,0.01799786,-0.010306,-1.00654101
612992,0.01799786,-0.010306,-1.00654101
612994,0.01799786,-0.010306,-1.00654101
612996,0.02401733,-0.010306,-1.00654101
612999,0.02401733,-0.010306,-1.01271176
613001,0.01197851,-0.010306,-1.00037026
613003,0.02401733,-0.010306,-1.00654101
613005,0.02401733,-0.01645893,-1.00654101
613008,0.02401733,-0.01645893,-1.00654101
613010,0.02401733,-0.01645893,-1.00654101
613012,0.02401733,-0.01645893,-1.00654101
613015,0.01799786,-0.01645893,-1.00037026
613017,0.00595915,-0.0226118,-1.01271176
613019,0.02401733,-0.010306,-0.99419951
613022,0.01799786,-0.00415313,-0.99419951
613024,0.01799786,-0.010306,-1.00037026
613026,0.02401733,-0.010306,-1.00037026
613028,0.02401733,-0.010306,-1.00037026
613031,0.02401733,-0.00415313,-1.00037026
613033,0.00595915,-0.0226118,-1.00654101
613036,0.02401733,-0.010306,-1.00037026
613039,0.01799786,-0.010306,-1.00037026
613041,0.01799786,-0.010306,-1.00037026
613043,0.01799786,-0.010306,-1.00037026
613046,0.01799786,-0.01645893,-1.00037026
613048,0.01799786,-0.010306,-1.00037026
613050,0.00595915,-0.03491759,-1.00654101
613053,0.02401733,-0.010306,-1.00037026
613055,0.02401733,-0.010306,-1.00037026
613057,0.01799786,-0.01645893,-1.00654101
613059,0.02401733,-0.010306,-1.00654101
613062,0.01799786,-0.010306,-1.00654101
613064,0.01799786,-0.01645893,-1.00654101
613066,0.01197851,-0.02876472,-1.01271176
613069,0.01799786,-0.010306,-1.00037026
613071,0.01799786,-0.010306,-1.00654101
613073,0.01799786,-0.01645893,-1.00037026
613076,0.02401733,-0.010306,-1.00654101
613079,0.01799786,-0.010306,-1.00654101
613081,0.01799786,-0.010306,-1.00654101
613084,0.02401733,-0.01645893,-1.00654101
613086,0.01799786,-0.01645893,-1.00037026
613088,0.01799786,-0.010306,-1.00037026
613090,0.02401733,-0.010306,-1.00654101
613093,0.01799786,-0.010306,-1.00037026
613095,0.01799786,-0.010306,-1.00654101
613097,0.01799786,-0.010306,-1.00654101
613100,0.02401733,-0.00415313,-1.00654101
613102,0.02401733,-0.00415313,-1.00037026
613104,0.02401733,-0.010306,-1.00037026
613107,0.01799786,-0.010306,-1.00654101
613109,0.01799786,-0.010306,-1.00037026
613111,0.01799786,-0.010306,-1.00037026
613114,0.02401733,-0.010306,-1.00654101
613116,0.03003669,-0.010306,-1.00037026
613118,0.02401733,-0.010306,-1.00654101
613121,0.02401733,-0.010306,-1.00654101
613124,0.02401733,-0.01645893,-1.00654101
613126,0.02401733,-0.01645893,-1.00037026
613128,0.01799786,-0.01645893,-1.00037026
613131,0.01799786,-0.01645893,-1.00654101
613133,0.02401733,-0.010306,-1.00654101
613135,0.02401733,-0.010306,-1.00654101
613138,0.02401733,-0.01645893,-1.00654101
613140,0.03003669,-0.01645893,-1.00037026
613142,0.02401733,-0.010306,-1.00654101
613144,0.02401733,-0.010306,-1.01271176
613147,0.01799786,-0.01645893,-1.01271176
613149,0.02401733,-0.010306,-1.00654101
613151,0.02401733,-0.010306,-1.00037026
613154,0.01799786,-0.010306,-1.00654101
613156,0.02401733,-0.010306,-1.00037026
613158,0.02401733,-0.010306,-1.00037026
613161,0.02401733,-0.010306,-1.00037026
613164,0.02401733,-0.01645893,-1.00654101
613166,0.02401733,-0.01645893,-1.00654101
613168,0.01799786,-0.01645893,-1.00037026
613171,0.01799786,-0.010306,-1.00654101
613173,0.01799786,-0.010306,-1.00654101
613175,0.01799786,-0.00415313,-1.00654101
613178,0.01799786,-0.00415313,-1.01271176
613180,0.02401733,-0.00415313,-1.00654101
613182,0.01799786,-0.010306,-1.00654101
613185,0.01197851,-0.01645893,-1.01271176
613187,0.02401733,-0.00415313,-1.00654101
613189,0.02401733,-0.010306,-1.01271176
613191,0.02401733,-0.010306,-1.01271176
613194,0.02401733,-0.010306,-1.00037026
613196,0.02401733,-0.010306,-1.00037026
613198,0.02401733,-0.01645893,-1.00037026
613201,0.02401733,-0.0226118,-1.00654101
613203,0.02401733,-0.010306,-1.00037026
613206,0.02401733,-0.010306,-0.99419951
613209,0.02401733,-0.010306,-0.99419951
613211,0.01799786,-0.010306,-1.00654101
613213,0.01799786,-0.010306,-1.00654101
613215,0.02401733,-0.010306,-1.00654101
613218,0.03003669,-0.00415313,-1.00654101
613220,0.01799786,-0.00415313,-1.00654101
613222,0.01799786,-0.010306,-1.00654101
613225,0.01799786,-0.01645893,-1.00654101
613227,0.01799786,-0.01645893,-1.00654101
613229,0.01799786,-0.010306,-1.00654101
613232,0.01799786,-0.01645893,-1.00654101
613234,0.03605604,-0.00415313,-1.00037026
613236,0.01799786,-0.010306,-1.01271176
613239,0.01799786,-0.010306,-1.01271176
613241,0.01799786,-0.010306,-1.00654101
613243,0.01799786,-0.01645893,-1.00654101
613245,0.01799786,-0.01645893,-1.00654101
613249,0.01799786,-0.01645893,-1.00654101
613251,0.01799786,-0.00415313,-0.99419951
613253,0.01799786,-0.01645893,-1.00037026
613256,0.02401733,-0.010306,-1.00037026
613258,0.01799786,-0.010306,-1.00037026
613260,0.02401733,-0.01645893,-1.00037026
613263,0.02401733,-0.010306,-1.00037026
613265,0.01799786,-0.010306,-1.00037026
613267,0.01197851,-0.010306,-1.00037026
613270,0.02401733,-0.010306,-1.00037026
613272,0.02401733,-0.010306,-1.00654101
613274,0.01799786,-0.010306,-1.00037026
613276,0.01799786,-0.00415313,-1.00037026
613279,0.01799786,-0.010306,-1.00037026
613281,0.01799786,-0.00415313,-1.00654101
613283,0.00595915,-0.01645893,-1.01271176
613286,0.02401733,-0.00415313,-1.00037026
613288,0.01799786,-0.010306,-1.00037026
613291,0.02401733,-0.010306,-1.00654101
613294,0.02401733,-0.010306,-1.00654101
613296,0.02401733,-0.010306,-1.00654101
613298,0.01799786,-0.010306,-1.00654101
613300,-0.00006026,-0.02876472,-1.01271176
613303,0.01799786,-0.01645893,-1.00037026
613305,0.01799786,-0.01645893,-1.00037026
613307,0.01197851,-0.01645893,-0.99419951
613310,0.01799786,-0.01645893,-0.99419951
613312,0.01799786,-0.010306,-1.00037026
613314,0.01799786,-0.010306,-1.00654101
613317,0.00595915,-0.02876472,-1.01888251
613319,0.01799786,-0.010306,-1.01271176
613321,0.01799786,-0.01645893,-1.00654101
613324,0.01197851,-0.010306,-1.00654101
613326,0.01799786,-0.010306,-1.00654101
613328,0.02401733,-0.010306,-1.00654101
613330,0.02401733,-0.01645893,-1.00654101
613334,0.02401733,-0.0226118,-1.01271176
613336,0.02401733,-0.010306,-1.00037026
613338,0.02401733,-0.010306,-1.00037026
613341,0.02401733,-0.010306,-1.00037026
613343,0.01799786,-0.010306,-1.00654101
613345,0.01799786,-0.010306,-1.00654101
613348,0.01799786,-0.010306,-1.00037026
613350,0.03003669,-0.010306,-1.00654101
613352,0.02401733,-0.010306,-1.00037026
613354,0.01799786,-0.010306,-1.00654101
613357,0.01799786,-0.010306,-1.00654101
613359,0.01799786,-0.010306,-1.00654101
613361,0.01799786,-0.010306,-1.00654101
613364,0.01799786,-0.010306,-1.00037026
613366,0.02401733,-0.00415313,-0.99419951
613368,0.01799786,-0.010306,-1.00037026
613371,0.01799786,-0.010306,-1.00037026
613373,0.01799786,-0.010306,-1.00654101
613376,0.01799786,-0.01645893,-1.00654101
613379,0.01799786,-0.01645893,-1.00654101
613381,0.01799786,-0.01645893,-1.00654101
613383,0.03003669,-0.010306,-1.00037026
613385,0.01799786,-0.01645893,-1.00037026
613388,0.01799786,-0.010306,-1.00654101
613390,0.01799786,-0.01645893,-1.00654101
613392,0.01799786,-0.010306,-1.00654101
613395,0.01799786,-0.010306,-1.00037026
613397,0.01799786,-0.010306,-1.00037026
613399,0.03003669,-0.00415313,-1.00037026
613402,0.02401733,-0.00415313,-1.00037026
613404,0.01799786,-0.010306,-1.00037026
613406,0.02401733,-0.010306,-1.00654101
613409,0.02401733,-0.00415313,-1.00037026
613411,0.02401733,-0.010306,-1.00037026
613413,0.02401733,-0.010306,-1.00654101
613415,0.01799786,-0.00415313,-1.00037026
613419,0.02401733,-0.00415313,-1.00037026
613421,0.02401733,-0.010306,-1.00037026
613423,0.02401733,-0.010306,-1.00037026
613426,0.02401733,-0.010306,-1.00037026
613428,0.02401733,-0.01645893,-1.00654101
613430,0.01799786,-0.010306,-1.00654101
613433,0.01799786,-0.010306,-1.00654101
613435,0.01799786,-0.00415313,-1.00037026
613437,0.01799786,-0.010306,-1.00654101
613440,0.02401733,-0.01645893,-1.00654101
613442,0.02401733,-0.01645893,-1.00037026
613444,0.01799786,-0.010306,-1.00654101
613446,0.01799786,-0.01645893,-1.00654101
613449,0.01799786,-0.01645893,-1.00654101
613451,0.01799786,-0.01645893,-1.00037026
613453,0.01799786,-0.010306,-1.00654101
613456,0.01799786,-0.010306,-1.00654101
613458,0.01799786,-0.010306,-1.00654101
613460,0.01799786,-0.010306,-1.00654101
613464,0.02401733,-0.010306,-1.00654101
613466,0.02401733,-0.010306,-1.00654101
613468,0.01799786,-0.01645893,-1.01271176
613471,0.02401733,-0.010306,-1.00654101
613473,0.01799786,-0.010306,-1.00654101
613475,0.01799786,-0.010306,-1.00654101
613477,0.01799786,-0.01645893,-1.00654101
613480,0.01799786,-0.01645893,-1.00037026
613482,0.01799786,-0.01645893,-1.01271176
613484,0.01799786,-0.0226118,-1.01888251
613487,0.01799786,-0.010306,-1.00654101
613489,0.01799786,-0.01645893,-1.01271176
613491,0.01799786,-0.010306,-1.01271176
613494,0.02401733,-0.010306,-1.00654101
613496,0.02401733,-0.010306,-1.00654101
613498,0.01799786,-0.00415313,-1.00654101
613501,0.02401733,-0.010306,-1.01271176
613504,0.02401733,-0.00415313,-1.01271176
613506,0.01799786,-0.010306,-1.00654101
613508,0.01799786,-0.00415313,-1.00037026
613511,0.01799786,-0.00415313,-1.00037026
613513,0.01799786,-0.010306,-1.00037026
613515,0.01799786,-0.00415313,-1.00654101
613518,0.03003669,0.00199974,-1.00654101
613520,0.02401733,-0.00415313,-1.00654101
613522,0.03003669,-0.00415313,-1.00037026
613525,0.02401733,-0.00415313,-1.00654101
613527,0.01799786,-0.010306,-1.00654101
613529,0.01799786,-0.010306,-1.00654101
613532,0.02401733,-0.010306,-1.00037026
613534,0.03003669,0.00815272,-1.00037026
613536,0.02401733,-0.010306,-1.00654101
613538,0.02401733,-0.010306,-1.00037026
613541,0.01799786,-0.010306,-1.00037026
613543,0.01799786,-0.010306,-1.01271176
613545,0.01799786,-0.010306,-1.01888251
613549,0.01799786,-0.010306,-1.01888251
613551,0.01197851,-0.010306,-1.00654101
613553,0.02401733,-0.010306,-1.00654101
613556,0.02401733,-0.010306,-1.00654101
613558,0.02401733,-0.01645893,-1.00654101
613560,0.02401733,-0.01645893,-1.00654101
613562,0.01799786,-0.01645893,-1.00654101
613565,0.01799786,-0.01645893,-1.00037026
613567,0.00595915,-0.03491759,-1.01271176
613569,0.01799786,-0.01645893,-1.00654101
613572,0.01799786,-0.01645893,-1.00654101
613574,0.01799786,-0.010306,-1.00654101
613576,0.02401733,-0.010306,-1.00037026
613579,0.01799786,-0.010306,-1.00654101
613581,0.02401733,-0.010306,-1.00037026
613583,0.00595915,-0.03491759,-1.01271176
613585,0.02401733,-0.010306,-0.99419951
613588,0.02401733,-0.010306,-1.00037026
613591,0.02401733,-0.010306,-1.00654101
613593,0.01799786,-0.010306,-1.00654101
613596,0.02401733,-0.01645893,-1.00654101
613598,0.01799786,-0.01645893,-1.00037026
613600,0.00595915,-0.03491759,-1.01271176
613603,0.02401733,-0.010306,-1.00654101
613605,0.02401733,-0.010306,-1.00037026
613607,0.02401733,-0.01645893,-1.00037026
613609,0.02401733,-0.010306,-1.00037026
613612,0.01799786,-0.010306,-1.00037026
613614,0.02401733,-0.010306,-1.00037026
613616,0.02401733,-0.01645893,-1.00654101
613619,0.02401733,-0.010306,-1.00654101
613621,0.01799786,-0.010306,-1.00654101
613623,0.01799786,-0.01645893,-1.00037026
613626,0.01799786,-0.01645893,-1.00654101
613628,0.01799786,-0.01645893,-1.00037026
613630,0.01799786,-0.01645893,-1.00037026
613634,0.02401733,-0.01645893,-1.00037026
613636,0.01799786,-0.010306,-1.00037026
613638,0.01799786,-0.010306,-1.00037026
613640,0.01799786,-0.010306,-1.00037026
613643,0.01799786,-0.010306,-1.00037026
613645,0.01799786,-0.01645893,-1.00654101
613647,0.01799786,-0.01645893,-1.00654101
613650,0.02401733,-0.010306,-0.99419951
613652,0.02401733,-0.010306,-1.00654101
613654,0.02401733,-0.010306,-1.00037026
613657,0.02401733,-0.01645893,-1.00037026
613659,0.01799786,-0.010306,-1.00037026
613661,0.01799786,-0.010306,-1.00654101
613664,0.02401733,-0.010306,-1.00037026
613666,0.02401733,-0.010306,-1.00037026
613668,0.02401733,-0.010306,-1.00037026
613670,0.01799786,-0.00415313,-1.00654101
613673,0.01799786,-0.010306,-1.00654101
613676,0.01799786,-0.010306,-1.00654101
613678,0.01799786,-0.010306,-1.00654101
613681,0.02401733,-0.010306,-1.00037026
613683,0.02401733,-0.00415313,-0.99419951
613685,0.02401733,-0.00415313,-0.99419951
613688,0.01799786,-0.00415313,-0.99419951
613690,0.02401733,-0.010306,-0.99419951
613692,0.01799786,-0.010306,-1.00037026
613694,0.01799786,-0.010306,-1.00654101
613697,0.01799786,-0.00415313,-1.00654101
613699,0.01799786,-0.00415313,-1.00654101
613701,0.01799786,-0.00415313,-1.00037026
613704,0.02401733,-0.00415313,-1.00654101
613706,0.02401733,-0.010306,-1.00654101
613708,0.02401733,-0.010306,-1.00654101
613711,0.02401733,-0.01645893,-1.00037026
613713,0.02401733,-0.01645893,-1.00037026
613715,0.02401733,-0.01645893,-1.00037026
613718,0.01799786,-0.01645893,-1.00654101
613721,0.02401733,-0.010306,-1.00037026
613723,0.02401733,-0.01645893,-1.00037026
613725,0.02401733,-0.010306,-1.00037026
613728,0.02401733,-0.010306,-1.00037026
613730,0.02401733,-0.01645893,-1.00037026
613732,0.01799786,-0.010306,-1.00654101
613734,0.01799786,-0.0226118,-1.00654101
613737,0.01799786,-0.01645893,-1.00037026
613739,0.01799786,-0.010306,-1.00037026
613741,0.01799786,-0.010306,-1.00037026
613744,0.01799786,-0.01645893,-1.00654101
613746,0.01799786,-0.01645893,-1.00654101
613748,0.02401733,-0.01645893,-1.00654101
613751,0.02401733,-0.01645893,-1.01271176
613753,0.01799786,-0.010306,-1.00654101
613755,0.01799786,-0.01645893,-1.00654101
613758,0.01197851,-0.01645893,-1.00654101
613761,0.01799786,-0.010306,-1.00654101
613763,0.01799786,-0.01645893,-1.00654101
613766,0.01799786,-0.01645893,-1.00654101
613768,0.02401733,-0.00415313,-1.00654101
613770,0.01197851,-0.010306,-1.00037026
613772,0.01799786,-0.01645893,-1.00654101
613775,0.01799786,-0.01645893,-1.00654101
613777,0.01799786,-0.010306,-1.00654101
613779,0.01799786,-0.010306,-1.00037026
613782,0.02401733,-0.010306,-1.00654101
613784,0.03003669,0.00815272,-1.00037026
613786,0.02401733,-0.00415313,-1.00037026
613789,0.02401733,-0.00415313,-1.00037026
613791,0.01799786,-0.00415313,-1.00654101
613793,0.01799786,-0.00415313,-1.00654101
613795,0.01799786,-0.00415313,-1.00654101
613798,0.01799786,-0.00415313,-1.00654101
613800,0.01197851,0.00199974,-1.00037026
613803,0.01799786,0.00199974,-1.00037026
613806,0.01799786,-0.00415313,-1.00037026
613808,0.02401733,-0.010306,-1.00037026
613810,0.01799786,0.00199974,-1.00037026
613813,0.01799786,-0.00415313,-1.00654101
613815,0.01799786,-0.010306,-1.00654101
613817,0.01197851,-0.01645893,-1.00037026
613820,0.02401733,-0.010306,-1.00037026
613822,0.02401733,-0.010306,-1.00037026
613824,0.02401733,-0.010306,-1.00037026
613826,0.02401733,-0.00415313,-1.00037026
613829,0.02401733,-0.010306,-1.00037026
613831,0.02401733,-0.01645893,-1.00037026
613833,0.00595915,-0.02876472,-1.01271176
613836,0.02401733,-0.00415313,-1.00654101
613838,0.01799786,-0.010306,-1.01271176
613840,0.01799786,-0.010306,-1.00654101
613843,0.01799786,-0.01645893,-1.00654101
613846,0.01799786,-0.01645893,-1.01271176
613848,0.01799786,-0.01645893,-1.01271176
613851,-0.00006026,-0.03491759,-1.01888251
613853,0.02401733,-0.01645893,-1.00654101
613855,0.02401733,-0.01645893,-1.00654101
613857,0.01799786,-0.01645893,-1.00654101
613860,0.01799786,-0.01645893,-1.00654101
613862,0.01799786,-0.010306,-1.00654101
613864,0.01799786,-0.01645893,-1.00654101
613867,0.00595915,-0.03491759,-1.01271176
613869,0.01799786,-0.010306,-1.00654101
613871,0.02401733,-0.010306,-1.00654101
613874,0.01799786,-0.00415313,-1.00037026
613876,0.01799786,-0.010306,-1.00654101
613878,0.01799786,-0.010306,-1.00654101
613881,0.02401733,-0.010306,-1.00037026
613883,0.02401733,-0.01645893,-1.00654101
613885,0.02401733,-0.00415313,-1.00037026
613888,0.02401733,-0.00415313,-1.00037026
613891,0.02401733,-0.010306,-1.00037026
613893,0.02401733,-0.010306,-1.00654101
613895,0.02401733,-0.010306,-0.99419951
613898,0.01799786,-0.010306,-0.99419951
613900,0.03003669,-0.00415313,-0.98802876
613902,0.01799786,-0.010306,-1.00037026
613904,0.02401733,-0.010306,-0.99419951
613907,0.02401733,-0.00415313,-0.99419951
613909,0.02401733,-0.010306,-0.99419951
613911,0.02401733,-0.00415313,-0.99419951
613914,0.02401733,-0.00415313,-1.00654101
613916,0.02401733,0.00199974,-1.00037026
613918,0.02401733,-0.00415313,-1.00037026
613921,0.03003669,-0.00415313,-1.00037026
613923,0.02401733,-0.010306,-1.00654101
613925,0.01799786,-0.00415313,-1.00654101
613927,0.01799786,-0.00415313,-1.01271176
613931,0.02401733,-0.010306,-1.00654101
613933,0.02401733,-0.010306,-1.00037026
613935,0.02401733,-0.00415313,-1.00037026
613938,0.01799786,-0.010306,-1.00037026
613940,0.01799786,-0.010306,-0.99419951
613942,0.02401733,-0.010306,-0.99419951
613945,0.02401733,-0.01645893,-0.99419951
613947,0.01799786,-0.01645893,-1.00037026
613949,0.01799786,-0.010306,-1.00037026
613952,0.01799786,-0.010306,-1.00037026
613954,0.01799786,-0.01645893,-1.00654101
613956,0.01799786,-0.010306,-1.00654101
613958,0.01799786,-0.01645893,-1.00654101
613961,0.01799786,-0.01645893,-1.00654101
613963,0.01799786,-0.01645893,-1.00654101
613965,0.01799786,-0.01645893,-1.00654101
613968,0.01799786,-0.01645893,-1.00654101
613970,0.02401733,-0.010306,-1.00654101
613972,0.01799786,-0.01645893,-1.00654101
613976,0.01799786,-0.01645893,-1.00654101
613978,0.01799786,-0.01645893,-1.00654101
613980,0.01799786,-0.010306,-1.00654101
613983,0.01799786,-0.010306,-1.00654101
613985,0.01197851,-0.01645893,-1.00037026
613987,0.01799786,-0.010306,-1.00037026
613990,0.01197851,-0.010306,-1.00654101
613992,0.01799786,-0.00415313,-1.00654101
613994,0.01799786,-0.00415313,-1.00654101
613996,0.01799786,-0.010306,-1.00654101
613999,0.01799786,-0.010306,-1.00037026
614001,0.01197851,-0.010306,-1.00654101
614003,0.01799786,-0.00415313,-1.01271176
614006,0.01799786,-0.00415313,-1.00654101
614008,0.01799786,-0.00415313,-1.00037026
614010,0.02401733,-0.010306,-1.00654101
614013,0.02401733,-0.010306,-1.00037026
614016,0.01799786,-0.010306,-0.99419951
614018,0.02401733,-0.01645893,-1.00037026
614021,0.02401733,-0.010306,-1.00654101
614023,0.01799786,-0.01645893,-1.00654101
614025,0.01799786,-0.010306,-1.00654101
614027,0.01799786,-0.010306,-1.00654101
614030,0.01799786,-0.00415313,-1.00654101
614032,0.01799786,-0.00415313,-1.00654101
614034,0.03003669,-0.00415313,-1.01888251
614037,0.01799786,-0.010306,-1.01271176
,,,
,,,
Arduino now in Stasis,,,
Ready to run wrapper program,,,
