     29300,   0.00030756,  -0.08385142,   0.98815978
     29302,   0.00645837,  -0.08385142,   0.98815978
     29304,   0.01876001,  -0.08385142,   0.98815978
     29307,   0.02491083,  -0.09003744,   0.98815978
     29309,   0.02491083,  -0.09622344,   1.00062311
     29312,   0.02491083,  -0.10240946,   1.00062311
     29314,   0.02491083,  -0.09622344,   1.00062311
     29316,   0.01876001,  -0.10240946,   1.00062311
     29319,   0.01260919,  -0.10859548,   1.00685489
     29321,   0.01260919,  -0.10859548,   1.00685489
     29323,   0.00645837,  -0.10859548,   1.00685489
     29325,   0.00030756,  -0.11478148,   1.00685489
     29327,   0.00030756,  -0.10859548,   1.00685489
     29330,  -0.00584326,  -0.10859548,   0.99439144
     29332,  -0.00584326,  -0.10240946,   0.98815978
     29334,  -0.01199408,  -0.09622344,   0.98192805
     29336,  -0.01814490,  -0.09622344,   0.97569638
     29338,  -0.02429572,  -0.09003744,   0.97569638
     29341,  -0.03044653,  -0.08385142,   0.96946466
     29343,  -0.03659735,  -0.08385142,   0.96946466
     29345,  -0.04274817,  -0.07766541,   0.96946466
     29347,  -0.04889899,  -0.07766541,   0.95700127
     29349,  -0.05504981,  -0.07766541,   0.95700127
     29352,  -0.06735145,  -0.07766541,   0.95700127
     29355,  -0.06735145,  -0.07766541,   0.95700127
     29357,  -0.06735145,  -0.07147940,   0.95076960
     29359,  -0.06735145,  -0.07147940,   0.94453788
     29361,  -0.06735145,  -0.07147940,   0.94453788
     29364,  -0.06120062,  -0.07147940,   0.94453788
     29366,  -0.06120062,  -0.07147940,   0.95076960
     29368,  -0.06120062,  -0.07766541,   0.94453788
     29370,  -0.06120062,  -0.06529338,   0.94453788
     29372,  -0.05504981,  -0.07147940,   0.94453788
     29375,  -0.05504981,  -0.07147940,   0.94453788
     29377,  -0.04889899,  -0.07766541,   0.95076960
     29379,  -0.04889899,  -0.07766541,   0.95700127
     29381,  -0.04889899,  -0.07766541,   0.95076960
     29383,  -0.04889899,  -0.08385142,   0.95700127
     29386,  -0.04889899,  -0.09003744,   0.95076960
     29388,  -0.04889899,  -0.09003744,   0.95700127
     29390,  -0.04274817,  -0.09003744,   0.96323299
     29392,  -0.04274817,  -0.09622344,   0.95700127
     29394,  -0.03659735,  -0.09622344,   0.95700127
     29398,  -0.03659735,  -0.09622344,   0.96323299
     29400,  -0.03044653,  -0.09622344,   0.96323299
     29402,  -0.03044653,  -0.09622344,   0.96946466
     29404,  -0.02429572,  -0.10240946,   0.96323299
     29406,  -0.02429572,  -0.10240946,   0.96946466
     29409,  -0.02429572,  -0.10859548,   0.96323299
     29411,  -0.01814490,  -0.10859548,   0.96946466
     29413,  -0.01814490,  -0.10859548,   0.96946466
     29415,  -0.01814490,  -0.10859548,   0.96323299
     29417,  -0.02429572,  -0.10240946,   0.96323299
     29419,  -0.02429572,  -0.10240946,   0.96946466
     29422,  -0.03044653,  -0.10240946,   0.96323299
     29424,  -0.03659735,  -0.10859548,   0.96323299
     29426,  -0.03659735,  -0.10240946,   0.96323299
     29428,  -0.04274817,  -0.10240946,   0.96323299
     29430,  -0.04274817,  -0.10859548,   0.95700127
     29433,  -0.05504981,  -0.10240946,   0.95700127
     29435,  -0.05504981,  -0.10240946,   0.95700127
     29437,  -0.06120062,  -0.10240946,   0.96323299
     29440,  -0.05504981,  -0.10240946,   0.95700127
     29442,  -0.06120062,  -0.10240946,   0.95076960
     29445,  -0.05504981,  -0.09622344,   0.95076960
     29447,  -0.05504981,  -0.10240946,   0.95076960
     29449,  -0.05504981,  -0.10240946,   0.94453788
     29451,  -0.05504981,  -0.10240946,   0.94453788
     29453,  -0.04889899,  -0.09622344,   0.94453788
     29456,  -0.04889899,  -0.10240946,   0.94453788
     29458,  -0.04889899,  -0.10240946,   0.93830621
     29460,  -0.04274817,  -0.10859548,   0.93830621
     29462,  -0.03044653,  -0.10240946,   0.93207449
     29464,  -0.03659735,  -0.10240946,   0.93830621
     29467,  -0.03044653,  -0.10240946,   0.93830621
     29469,  -0.02429572,  -0.10240946,   0.93830621
     29471,  -0.02429572,  -0.10240946,   0.93207449
     29473,  -0.03044653,  -0.10859548,   0.93207449
     29475,  -0.03044653,  -0.10859548,   0.93207449
     29478,  -0.02429572,  -0.11478148,   0.93207449
     29480,  -0.03044653,  -0.11478148,   0.92584282
     29483,  -0.03044653,  -0.11478148,   0.93207449
     29485,  -0.03659735,  -0.12096750,   0.92584282
     29487,  -0.03659735,  -0.12715352,   0.92584282
     29490,  -0.03659735,  -0.12096750,   0.91961116
     29492,  -0.03659735,  -0.12096750,   0.92584282
     29494,  -0.03659735,  -0.12096750,   0.92584282
     29496,  -0.03044653,  -0.12715352,   0.92584282
     29498,  -0.03659735,  -0.12715352,   0.93207449
     29501,  -0.03659735,  -0.12715352,   0.92584282
     29503,  -0.04274817,  -0.12715352,   0.92584282
     29505,  -0.04274817,  -0.13333952,   0.93207449
     29507,  -0.03659735,  -0.12715352,   0.93207449
     29509,  -0.03659735,  -0.12715352,   0.93830621
     29512,  -0.03044653,  -0.12715352,   0.94453788
     29514,  -0.03659735,  -0.12715352,   0.93830621
     29516,  -0.03044653,  -0.12715352,   0.93830621
     29518,  -0.03659735,  -0.12715352,   0.94453788
     29520,  -0.03659735,  -0.13333952,   0.94453788
     29523,  -0.04274817,  -0.13333952,   0.95076960
     29526,  -0.04274817,  -0.13333952,   0.95076960
     29528,  -0.04274817,  -0.12715352,   0.95076960
     29530,  -0.04274817,  -0.13333952,   0.95076960
     29532,  -0.03659735,  -0.12715352,   0.95076960
     29535,  -0.03044653,  -0.12715352,   0.94453788
     29537,  -0.03044653,  -0.12096750,   0.94453788
     29539,  -0.03659735,  -0.12715352,   0.93830621
     29541,  -0.04274817,  -0.12715352,   0.94453788
     29543,  -0.04274817,  -0.12096750,   0.94453788
     29546,  -0.04274817,  -0.11478148,   0.94453788
     29548,  -0.04274817,  -0.11478148,   0.93830621
     29550,  -0.04889899,  -0.10859548,   0.93830621
     29552,  -0.04889899,  -0.11478148,   0.93207449
     29554,  -0.04274817,  -0.10859548,   0.93207449
     29557,  -0.04889899,  -0.10859548,   0.93207449
     29559,  -0.04889899,  -0.10859548,   0.93207449
     29561,  -0.04889899,  -0.11478148,   0.93207449
     29563,  -0.05504981,  -0.10859548,   0.93207449
     29565,  -0.05504981,  -0.11478148,   0.92584282
     29569,  -0.05504981,  -0.10859548,   0.92584282
     29571,  -0.05504981,  -0.10859548,   0.92584282
     29573,  -0.05504981,  -0.10240946,   0.92584282
     29575,  -0.04889899,  -0.10240946,   0.92584282
     29577,  -0.04889899,  -0.10859548,   0.92584282
     29580,  -0.04274817,  -0.10859548,   0.92584282
     29582,  -0.03659735,  -0.10859548,   0.93207449
     29584,  -0.03659735,  -0.10859548,   0.93207449
     29586,  -0.04274817,  -0.10859548,   0.93207449
     29588,  -0.03659735,  -0.10859548,   0.93207449
     29591,  -0.03659735,  -0.10859548,   0.92584282
     29593,  -0.03659735,  -0.11478148,   0.92584282
     29595,  -0.03044653,  -0.11478148,   0.93207449
     29597,  -0.03044653,  -0.11478148,   0.93207449
     29599,  -0.03044653,  -0.12096750,   0.93207449
     29602,  -0.03044653,  -0.11478148,   0.93207449
     29604,  -0.03044653,  -0.12096750,   0.93830621
     29606,  -0.03044653,  -0.12096750,   0.93830621
     29608,  -0.02429572,  -0.12096750,   0.93830621
     29611,  -0.02429572,  -0.12096750,   0.93830621
     29614,  -0.02429572,  -0.11478148,   0.94453788
     29616,  -0.02429572,  -0.12096750,   0.94453788
     29618,  -0.01814490,  -0.11478148,   0.93830621
     29620,  -0.01814490,  -0.11478148,   0.93207449
     29622,  -0.01199408,  -0.10859548,   0.93207449
     29625,  -0.01199408,  -0.10859548,   0.93830621
     29627,  -0.00584326,  -0.10859548,   0.93830621
     29629,  -0.01199408,  -0.10240946,   0.93830621
     29631,  -0.01199408,  -0.10240946,   0.93207449
     29633,  -0.01199408,  -0.09622344,   0.93207449
     29636,  -0.01199408,  -0.09003744,   0.92584282
     29638,  -0.01199408,  -0.09003744,   0.92584282
     29640,  -0.01814490,  -0.08385142,   0.92584282
     29642,  -0.01814490,  -0.08385142,   0.93207449
     29644,  -0.01199408,  -0.07766541,   0.91961116
     29647,  -0.01199408,  -0.07766541,   0.91961116
     29649,  -0.01199408,  -0.08385142,   0.91961116
     29651,  -0.00584326,  -0.08385142,   0.92584282
     29654,  -0.00584326,  -0.07766541,   0.91961116
     29656,  -0.01199408,  -0.07766541,   0.91961116
     29659,  -0.01199408,  -0.07766541,   0.91961116
     29661,  -0.00584326,  -0.07766541,   0.92584282
     29663,  -0.01199408,  -0.07766541,   0.92584282
     29665,  -0.01814490,  -0.07766541,   0.92584282
     29667,  -0.01814490,  -0.07766541,   0.92584282
     29670,  -0.02429572,  -0.07766541,   0.93830621
     29672,  -0.02429572,  -0.07766541,   0.93830621
     29674,  -0.02429572,  -0.08385142,   0.93830621
     29676,  -0.02429572,  -0.09003744,   0.93830621
     29678,  -0.02429572,  -0.08385142,   0.94453788
     29681,  -0.02429572,  -0.09003744,   0.95076960
     29683,  -0.01814490,  -0.08385142,   0.95700127
     29685,  -0.01814490,  -0.08385142,   0.95700127
     29687,  -0.01814490,  -0.09003744,   0.96323299
     29689,  -0.01199408,  -0.09003744,   0.96946466
     29692,  -0.00584326,  -0.09622344,   0.97569638
     29694,   0.00030756,  -0.10240946,   0.97569638
     29697,   0.00030756,  -0.10240946,   0.96946466
     29699,   0.00030756,  -0.10859548,   0.97569638
     29701,   0.00030756,  -0.10859548,   0.97569638
     29704,   0.00030756,  -0.10859548,   0.96946466
     29706,  -0.00584326,  -0.10859548,   0.96946466
     29708,  -0.00584326,  -0.11478148,   0.96946466
     29710,  -0.01199408,  -0.10859548,   0.96946466
     29713,  -0.01814490,  -0.11478148,   0.96946466
     29715,  -0.01814490,  -0.11478148,   0.96946466
     29717,  -0.02429572,  -0.11478148,   0.96946466
     29719,  -0.02429572,  -0.11478148,   0.96946466
     29721,  -0.03044653,  -0.10859548,   0.95700127
     29723,  -0.03044653,  -0.10859548,   0.95700127
     29726,  -0.03659735,  -0.10240946,   0.95076960
     29728,  -0.04889899,  -0.10240946,   0.95700127
     29730,  -0.04889899,  -0.10240946,   0.95076960
     29732,  -0.05504981,  -0.09622344,   0.94453788
     29734,  -0.04889899,  -0.09622344,   0.94453788
     29737,  -0.05504981,  -0.09003744,   0.95076960
     29740,  -0.05504981,  -0.08385142,   0.94453788
     29742,  -0.04889899,  -0.08385142,   0.94453788
     29744,  -0.04274817,  -0.08385142,   0.93830621
     29746,  -0.04274817,  -0.08385142,   0.94453788
     29749,  -0.04274817,  -0.09003744,   0.94453788
     29751,  -0.03044653,  -0.09003744,   0.94453788
     29753,  -0.03044653,  -0.09003744,   0.94453788
     29755,  -0.03044653,  -0.09003744,   0.95076960
     29757,  -0.03044653,  -0.09003744,   0.94453788
     29760,  -0.02429572,  -0.09003744,   0.94453788
     29762,  -0.02429572,  -0.09003744,   0.95076960
     29764,  -0.02429572,  -0.09003744,   0.95076960
     29766,  -0.02429572,  -0.09622344,   0.95076960
     29768,  -0.02429572,  -0.09622344,   0.94453788
     29771,  -0.01814490,  -0.10859548,   0.95076960
     29773,  -0.01814490,  -0.10859548,   0.95076960
     29775,  -0.01199408,  -0.10859548,   0.95076960
     29777,  -0.00584326,  -0.10859548,   0.95076960
     29779,   0.00030756,  -0.11478148,   0.95700127
     29783,   0.00645837,  -0.11478148,   0.95700127
     29785,   0.01260919,  -0.12096750,   0.96323299
     29787,   0.01876001,  -0.12715352,   0.95700127
     29789,   0.02491083,  -0.12715352,   0.95700127
     29791,   0.02491083,  -0.13333952,   0.96323299
     29794,   0.02491083,  -0.13333952,   0.96323299
     29796,   0.03106165,  -0.12715352,   0.96323299
     29798,   0.03106165,  -0.12096750,   0.96323299
     29800,   0.03106165,  -0.13333952,   0.96946466
     29803,   0.03721246,  -0.13952553,   0.96946466
     29805,   0.04336328,  -0.14571156,   0.96946466
     29807,   0.03721246,  -0.14571156,   0.96946466
     29809,   0.03721246,  -0.14571156,   0.96946466
     29811,   0.03721246,  -0.15189756,   0.97569638
     29813,   0.03721246,  -0.14571156,   0.96946466
     29816,   0.03721246,  -0.14571156,   0.96946466
     29818,   0.03106165,  -0.14571156,   0.96946466
     29820,   0.03106165,  -0.13952553,   0.96323299
     29822,   0.03721246,  -0.13952553,   0.96323299
     29825,   0.03106165,  -0.13952553,   0.96323299
     29828,   0.03106165,  -0.13952553,   0.96323299
     29830,   0.02491083,  -0.13952553,   0.96323299
     29832,   0.02491083,  -0.13333952,   0.95700127
     29834,   0.01876001,  -0.13333952,   0.95700127
     29837,   0.01260919,  -0.13333952,   0.95700127
     29839,   0.00645837,  -0.12715352,   0.96323299
     29841,   0.00030756,  -0.12715352,   0.96323299
     29843,  -0.00584326,  -0.12096750,   0.96946466
     29845,  -0.01199408,  -0.11478148,   0.96323299
     29848,  -0.02429572,  -0.11478148,   0.96323299
     29850,  -0.03044653,  -0.10859548,   0.95700127
     29852,  -0.03659735,  -0.10859548,   0.96323299
     29854,  -0.04274817,  -0.10859548,   0.95700127
     29856,  -0.05504981,  -0.10240946,   0.95700127
     29859,  -0.06120062,  -0.10240946,   0.95700127
     29861,  -0.06120062,  -0.09003744,   0.95700127
     29863,  -0.06735145,  -0.09622344,   0.95076960
     29865,  -0.06735145,  -0.08385142,   0.95700127
     29868,  -0.07350226,  -0.09003744,   0.95076960
     29871,  -0.07350226,  -0.08385142,   0.95700127
     29873,  -0.06735145,  -0.08385142,   0.95076960
     29875,  -0.06735145,  -0.07766541,   0.95700127
     29877,  -0.06120062,  -0.08385142,   0.95700127
     29879,  -0.06120062,  -0.08385142,   0.96323299
     29882,  -0.05504981,  -0.07766541,   0.96323299
     29884,  -0.04889899,  -0.07147940,   0.97569638
     29886,  -0.04274817,  -0.07147940,   0.97569638
     29888,  -0.03044653,  -0.07147940,   0.97569638
     29890,  -0.01814490,  -0.07147940,   0.98192805
     29893,  -0.01814490,  -0.07147940,   0.98192805
     29895,  -0.01199408,  -0.07766541,   0.98192805
     29897,  -0.01199408,  -0.08385142,   0.98192805
     29899,  -0.00584326,  -0.08385142,   0.97569638
     29901,  -0.00584326,  -0.07147940,   0.97569638
     29904,   0.00030756,  -0.07147940,   0.98192805
     29906,   0.00030756,  -0.07147940,   0.98815978
     29908,   0.00030756,  -0.07147940,   0.98192805
     29911,   0.00030756,  -0.06529338,   0.98192805
     29913,   0.00030756,  -0.06529338,   0.98192805
     29916,   0.00030756,  -0.06529338,   0.98815978
     29918,   0.00030756,  -0.07147940,   0.98192805
     29920,   0.00030756,  -0.05910737,   0.98192805
     29922,   0.00030756,  -0.06529338,   0.98192805
     29924,   0.00030756,  -0.06529338,   0.97569638
     29927,   0.00030756,  -0.06529338,   0.97569638
     29929,   0.00030756,  -0.06529338,   0.97569638
     29931,   0.00645837,  -0.06529338,   0.96946466
     29933,   0.00645837,  -0.05910737,   0.97569638
     29935,   0.00645837,  -0.06529338,   0.96946466
     29938,   0.00645837,  -0.07147940,   0.96323299
     29940,   0.01260919,  -0.07766541,   0.96946466
     29942,   0.01260919,  -0.07766541,   0.96946466
     29944,   0.01260919,  -0.08385142,   0.96946466
     29946,   0.01876001,  -0.08385142,   0.96946466
     29949,   0.01260919,  -0.09003744,   0.96946466
     29952,   0.01876001,  -0.09622344,   0.96946466
     29954,   0.01876001,  -0.10240946,   0.96946466
     29956,   0.01876001,  -0.10859548,   0.96946466
     29958,   0.01876001,  -0.10859548,   0.96946466
     29961,   0.01260919,  -0.11478148,   0.96946466
     29963,   0.00645837,  -0.12096750,   0.96946466
     29965,   0.00030756,  -0.12096750,   0.96323299
     29967,  -0.00584326,  -0.12715352,   0.96323299
     29969,  -0.01199408,  -0.12715352,   0.95700127
     29972,  -0.01199408,  -0.13333952,   0.96323299
     29974,  -0.01814490,  -0.12715352,   0.95076960
     29976,  -0.02429572,  -0.12096750,   0.95076960
     29978,  -0.02429572,  -0.12096750,   0.95700127
     29980,  -0.03044653,  -0.12096750,   0.95700127
     29983,  -0.03659735,  -0.12096750,   0.95076960
     29985,  -0.04889899,  -0.12096750,   0.94453788
     29987,  -0.04889899,  -0.12096750,   0.95076960
     29989,  -0.05504981,  -0.10859548,   0.94453788
     29991,  -0.06120062,  -0.10859548,   0.93830621
     29995,  -0.06120062,  -0.10859548,   0.93830621
     29997,  -0.06735145,  -0.10240946,   0.93830621
     29999,  -0.06735145,  -0.10240946,   0.93830621
     30001,  -0.07350226,  -0.09622344,   0.93830621
     30003,  -0.07350226,  -0.09622344,   0.93207449
     30005,  -0.07350226,  -0.09003744,   0.93207449
     30008,  -0.07350226,  -0.08385142,   0.93207449
     30010,  -0.06735145,  -0.07766541,   0.93207449
     30012,  -0.06735145,  -0.07766541,   0.93207449
     30014,  -0.06735145,  -0.07766541,   0.93830621
     30016,  -0.06120062,  -0.08385142,   0.93207449
     30019,  -0.05504981,  -0.08385142,   0.93830621
     30021,  -0.05504981,  -0.09003744,   0.93830621
     30023,  -0.04889899,  -0.09003744,   0.93207449
     30025,  -0.04889899,  -0.09622344,   0.93830621
     30027,  -0.03659735,  -0.09622344,   0.93207449
     30030,  -0.03044653,  -0.09622344,   0.93207449
     30032,  -0.02429572,  -0.09622344,   0.93830621
     30034,  -0.01814490,  -0.10240946,   0.93830621
     30036,  -0.01199408,  -0.10240946,   0.93830621
     30039,  -0.01199408,  -0.10240946,   0.93830621
     30042,  -0.01199408,  -0.10240946,   0.94453788
     30044,  -0.00584326,  -0.10859548,   0.94453788
     30046,   0.00030756,  -0.10859548,   0.94453788
     30048,   0.00030756,  -0.10859548,   0.94453788
     30050,   0.00645837,  -0.10859548,   0.94453788
     30053,   0.01260919,  -0.11478148,   0.95076960
     30055,   0.01876001,  -0.12096750,   0.95076960
     30057,   0.01876001,  -0.11478148,   0.95076960
     30059,   0.02491083,  -0.11478148,   0.95076960
     30061,   0.02491083,  -0.11478148,   0.95076960
     30064,   0.03106165,  -0.10859548,   0.95076960
     30066,   0.02491083,  -0.11478148,   0.95076960
     30068,   0.03721246,  -0.11478148,   0.95076960
     30070,   0.03721246,  -0.11478148,   0.95076960
     30072,   0.04336328,  -0.12096750,   0.95700127
     30075,   0.03721246,  -0.12096750,   0.95700127
     30077,   0.04336328,  -0.12096750,   0.95700127
     30080,   0.04336328,  -0.12096750,   0.95700127
     30082,   0.04336328,  -0.12096750,   0.95076960
     30084,   0.03106165,  -0.12096750,   0.95700127
     30087,   0.02491083,  -0.12715352,   0.96323299
     30089,   0.01876001,  -0.12096750,   0.96946466
     30091,   0.00645837,  -0.12096750,   0.96946466
     30093,  -0.00584326,  -0.12715352,   0.96323299
     30096,  -0.01199408,  -0.12715352,   0.95700127
     30098,  -0.01814490,  -0.12715352,   0.96323299
     30100,  -0.02429572,  -0.13333952,   0.95700127
     30102,  -0.03659735,  -0.12715352,   0.95076960
     30104,  -0.04274817,  -0.12715352,   0.95076960
     30106,  -0.04889899,  -0.12715352,   0.94453788
     30109,  -0.04889899,  -0.12715352,   0.93830621
     30111,  -0.06120062,  -0.12096750,   0.93830621
     30113,  -0.06735145,  -0.12096750,   0.93830621
     30115,  -0.07350226,  -0.11478148,   0.93207449
     30117,  -0.07350226,  -0.12096750,   0.93207449
     30120,  -0.08580390,  -0.12096750,   0.93207449
     30123,  -0.09195472,  -0.12096750,   0.92584282
     30125,  -0.09810553,  -0.11478148,   0.91961116
     30127,  -0.10425635,  -0.11478148,   0.91337943
     30129,  -0.10425635,  -0.11478148,   0.90714777
     30132,  -0.10425635,  -0.11478148,   0.90714777
     30134,  -0.10425635,  -0.10859548,   0.90091604
     30136,  -0.10425635,  -0.10859548,   0.90091604
     30138,  -0.10425635,  -0.10240946,   0.89468437
     30140,  -0.10425635,  -0.10859548,   0.89468437
     30143,  -0.10425635,  -0.09622344,   0.89468437
     30145,  -0.09810553,  -0.09622344,   0.89468437
     30147,  -0.09195472,  -0.09003744,   0.90091604
     30149,  -0.08580390,  -0.09622344,   0.90091604
     30151,  -0.08580390,  -0.08385142,   0.90091604
     30154,  -0.07965308,  -0.09003744,   0.90714777
     30156,  -0.06735145,  -0.09622344,   0.91337943
     30158,  -0.06120062,  -0.09622344,   0.91337943
     30160,  -0.04274817,  -0.10240946,   0.91337943
     30162,  -0.02429572,  -0.09622344,   0.91961116
     30166,  -0.01814490,  -0.10240946,   0.92584282
     30168,  -0.00584326,  -0.10859548,   0.93207449
     30170,   0.01260919,  -0.10859548,   0.93830621
     30172,   0.02491083,  -0.10859548,   0.93830621
     30174,   0.03106165,  -0.10859548,   0.94453788
     30177,   0.03721246,  -0.10859548,   0.95076960
     30179,   0.04336328,  -0.10859548,   0.95076960
     30181,   0.04951410,  -0.11478148,   0.94453788
     30183,   0.05566492,  -0.12096750,   0.95076960
     30185,   0.05566492,  -0.12096750,   0.95700127
     30188,   0.04951410,  -0.11478148,   0.95700127
     30190,   0.04951410,  -0.11478148,   0.95700127
     30192,   0.04951410,  -0.11478148,   0.95700127
     30194,   0.04336328,  -0.11478148,   0.95700127
     30196,   0.03106165,  -0.10859548,   0.96323299
     30199,   0.01876001,  -0.10859548,   0.95700127
     30201,   0.01260919,  -0.10240946,   0.96323299
     30203,   0.00645837,  -0.10240946,   0.96323299
     30205,   0.00030756,  -0.09622344,   0.95700127
     30208,  -0.01199408,  -0.09622344,   0.95700127
     30211,  -0.01814490,  -0.10240946,   0.95700127
     30213,  -0.02429572,  -0.09622344,   0.95700127
     30215,  -0.03044653,  -0.09622344,   0.95076960
     30217,  -0.03659735,  -0.09003744,   0.95700127
     30219,  -0.04274817,  -0.09003744,   0.95076960
     30222,  -0.04274817,  -0.09622344,   0.95076960
     30224,  -0.04274817,  -0.09622344,   0.94453788
     30226,  -0.05504981,  -0.09622344,   0.95076960
     30228,  -0.04889899,  -0.09003744,   0.94453788
     30230,  -0.04889899,  -0.09003744,   0.94453788
     30233,  -0.04889899,  -0.09003744,   0.93830621
     30235,  -0.04889899,  -0.09003744,   0.94453788
     30237,  -0.04889899,  -0.09622344,   0.94453788
     30239,  -0.04274817,  -0.10240946,   0.94453788
     30241,  -0.03659735,  -0.10859548,   0.94453788
     30244,  -0.03659735,  -0.10859548,   0.94453788
     30246,  -0.03044653,  -0.10240946,   0.94453788
     30248,  -0.02429572,  -0.10859548,   0.94453788
     30251,  -0.01199408,  -0.10240946,   0.94453788
     30253,  -0.01199408,  -0.10859548,   0.95076960
     30256,   0.00030756,  -0.10859548,   0.95076960
     30258,   0.00030756,  -0.11478148,   0.95700127
     30260,   0.00645837,  -0.11478148,   0.95076960
     30262,   0.00645837,  -0.11478148,   0.95076960
     30264,   0.01876001,  -0.11478148,   0.95700127
     30267,   0.01876001,  -0.11478148,   0.95700127
     30269,   0.01876001,  -0.11478148,   0.96323299
     30271,   0.01876001,  -0.11478148,   0.95700127
     30273,   0.01876001,  -0.10859548,   0.95076960
     30275,   0.01876001,  -0.11478148,   0.95076960
     30278,   0.01876001,  -0.11478148,   0.95076960
     30280,   0.01260919,  -0.11478148,   0.94453788
     30282,   0.01260919,  -0.11478148,   0.94453788
     30284,   0.00645837,  -0.11478148,   0.95076960
     30286,   0.00645837,  -0.11478148,   0.95076960
     30289,   0.00030756,  -0.11478148,   0.95700127
     30291,  -0.00584326,  -0.11478148,   0.95076960
     30294,  -0.01199408,  -0.12096750,   0.95076960
     30296,  -0.01199408,  -0.11478148,   0.95076960
     30298,  -0.01199408,  -0.12096750,   0.95076960
     30301,  -0.01814490,  -0.12715352,   0.95076960
     30303,  -0.01199408,  -0.12096750,   0.95076960
     30305,  -0.01814490,  -0.13333952,   0.95700127
     30307,  -0.01814490,  -0.13333952,   0.96323299
     30310,  -0.01814490,  -0.13333952,   0.95700127
     30312,  -0.01814490,  -0.13333952,   0.96323299
     30314,  -0.01814490,  -0.13952553,   0.96323299
     30316,  -0.02429572,  -0.13333952,   0.96323299
     30318,  -0.01814490,  -0.13333952,   0.96323299
     30320,  -0.02429572,  -0.13333952,   0.96323299
     30323,  -0.02429572,  -0.13333952,   0.96946466
     30325,  -0.01814490,  -0.12715352,   0.97569638
     30327,  -0.01814490,  -0.12096750,   0.97569638
     30329,  -0.01814490,  -0.10859548,   0.98192805
     30331,  -0.02429572,  -0.11478148,   0.98192805
     30334,  -0.03044653,  -0.10859548,   0.98815978
     30337,  -0.03044653,  -0.10859548,   0.98815978
     30339,  -0.03044653,  -0.09622344,   0.98815978
     30341,  -0.02429572,  -0.09003744,   0.98192805
     30343,  -0.01814490,  -0.09003744,   0.98192805
     30346,  -0.01199408,  -0.08385142,   0.98192805
     30348,  -0.01199408,  -0.07147940,   0.98815978
     30350,  -0.00584326,  -0.07766541,   0.98192805
     30352,  -0.00584326,  -0.07147940,   0.98192805
     30354,   0.00030756,  -0.07766541,   0.97569638
     30357,   0.00030756,  -0.07766541,   0.96946466
     30359,   0.00030756,  -0.07147940,   0.96946466
     30361,   0.00030756,  -0.07147940,   0.96946466
     30363,   0.00645837,  -0.07766541,   0.96946466
     30366,   0.00645837,  -0.07147940,   0.96323299
     30368,   0.00645837,  -0.06529338,   0.96946466
     30370,   0.00645837,  -0.05910737,   0.96946466
     30372,   0.01260919,  -0.05910737,   0.97569638
     30374,   0.01260919,  -0.06529338,   0.97569638
     30377,   0.01876001,  -0.06529338,   0.98192805
     30380,   0.03106165,  -0.06529338,   0.98192805
     30382,   0.03721246,  -0.06529338,   0.98815978
     30384,   0.04336328,  -0.06529338,   0.98815978
     30386,   0.04951410,  -0.07147940,   0.98815978
     30389,   0.04951410,  -0.07147940,   0.98815978
     30391,   0.04336328,  -0.07766541,   0.98815978
     30393,   0.04951410,  -0.07147940,   0.98815978
     30395,   0.04336328,  -0.07766541,   0.98815978
     30397,   0.03721246,  -0.07766541,   0.98192805
     30400,   0.03106165,  -0.09003744,   0.97569638
     30402,   0.03106165,  -0.08385142,   0.96323299
     30404,   0.03106165,  -0.09003744,   0.95700127
     30406,   0.02491083,  -0.08385142,   0.95700127
     30408,   0.02491083,  -0.08385142,   0.95700127
     30411,   0.03106165,  -0.07766541,   0.95700127
     30413,   0.02491083,  -0.07766541,   0.95076960
     30415,   0.02491083,  -0.07147940,   0.93830621
     30417,   0.01876001,  -0.07147940,   0.94453788
     30419,   0.01260919,  -0.07147940,   0.94453788
     30423,   0.01260919,  -0.07147940,   0.93830621
     30425,   0.01260919,  -0.07147940,   0.93207449
     30427,   0.00645837,  -0.06529338,   0.92584282
     30429,   0.01260919,  -0.07147940,   0.91961116
     30431,   0.00645837,  -0.07147940,   0.91961116
     30434,   0.00645837,  -0.07147940,   0.90714777
     30436,  -0.00584326,  -0.07147940,   0.90091604
     30438,  -0.01199408,  -0.07766541,   0.89468437
     30440,  -0.02429572,  -0.07766541,   0.88222098
     30442,  -0.03044653,  -0.07766541,   0.87598926
     30445,  -0.04274817,  -0.07766541,   0.86975759
     30447,  -0.05504981,  -0.08385142,   0.86352587
     30449,  -0.06735145,  -0.07147940,   0.85729420
     30451,  -0.07965308,  -0.07766541,   0.84483081
     30453,  -0.09195472,  -0.06529338,   0.83859909
     30456,  -0.10425635,  -0.05910737,   0.83859909
     30458,  -0.11040717,  -0.05910737,   0.83236742
     30460,  -0.11655799,  -0.05292135,   0.82613569
     30462,  -0.12885962,  -0.05910737,   0.82613569
     30465,  -0.13501044,  -0.05292135,   0.81990403
     30468,  -0.14116126,  -0.05910737,   0.81990403
     30470,  -0.14731207,  -0.06529338,   0.81367230
     30472,  -0.15346289,  -0.07147940,   0.80744064
     30474,  -0.15961371,  -0.06529338,   0.80744064
     30476,  -0.16576453,  -0.07766541,   0.80120891
     30479,  -0.15346289,  -0.07147940,   0.78874552
     30481,  -0.14116126,  -0.06529338,   0.78251386
     30483,  -0.12885962,  -0.07147940,   0.77628213
     30485,  -0.10425635,  -0.07147940,   0.77005047
     30487,  -0.07965308,  -0.08385142,   0.77628213
     30490,  -0.05504981,  -0.09622344,   0.78251386
     30492,  -0.03659735,  -0.10859548,   0.79497725
     30494,  -0.01199408,  -0.12096750,   0.81367230
     30496,   0.01260919,  -0.13333952,   0.81367230
     30498,   0.03106165,  -0.13952553,   0.81990403
     30501,   0.04951410,  -0.13952553,   0.82613569
     30503,   0.07411737,  -0.13952553,   0.83859909
     30505,   0.11102228,  -0.14571156,   0.83236742
     30508,   0.19713373,  -0.14571156,   0.70150185
     30510,   0.26479274,  -0.15808357,   0.63295317
     30513,   0.24634027,  -0.14571156,   0.54570943
     30515,   0.22788782,  -0.11478148,   0.52701437
     30517,   0.20328455,  -0.09003744,   0.51455098
     30519,   0.16637965,  -0.02817730,   0.55817282
     30521,   0.08641901,   0.06461290,   0.69527012
     30524,   0.04336328,   0.13884506,   0.75758708
     30526,   0.04951410,   0.20689119,   0.68280673
     30528,   0.06796655,   0.25637931,   0.60179472
     30530,   0.09256983,   0.31823942,   0.55194116
     30532,   0.11717310,   0.35535550,   0.50831932
     30535,   0.11717310,   0.31205341,   0.43353894
     30537,   0.08026819,   0.16977511,   0.25905150
     30539,   0.05566492,   0.07698492,   0.14064932
     30541,   0.03106165,   0.02131080,   0.07833237
     30543,   0.03721246,   0.01512479,   0.00978373
     30546,   0.01260919,   0.00893878,   0.00978373
     30548,   0.01876001,   0.01512479,   0.00355204
     30551,   0.02491083,   0.03368283,  -0.00891135
     30553,   0.02491083,   0.03986884,   0.00355204
     30555,   0.02491083,   0.03368283,  -0.00267966
     30558,   0.02491083,   0.03368283,   0.00978373
     30560,   0.01876001,   0.04605485,   0.00978373
     30562,   0.01260919,   0.06461290,  -0.02760644
     30564,   0.00645837,   0.07698492,  -0.04630152
     30566,   0.00645837,   0.10172898,  -0.05876491
     30569,   0.00645837,   0.11410100,  -0.07122830
     30571,   0.00645837,   0.12647302,  -0.08369169
     30573,   0.00645837,   0.12647302,  -0.08992338
     30575,   0.01260919,   0.13265903,  -0.09615508
     30577,   0.01260919,   0.12028701,  -0.08992338
     30580,   0.00645837,   0.12028701,  -0.09615508
     30582,   0.00645837,   0.10791498,  -0.09615508
     30584,   0.00030756,   0.10172898,  -0.09615508
     30586,   0.00030756,   0.10172898,  -0.09615508
     30588,   0.00030756,   0.10172898,  -0.09615508
     30592,   0.00030756,   0.10172898,  -0.09615508
     30594,   0.00030756,   0.10172898,  -0.09615508
     30596,  -0.00584326,   0.10172898,  -0.10238677
     30598,  -0.00584326,   0.10791498,  -0.09615508
     30600,  -0.01199408,   0.10172898,  -0.09615508
     30603,  -0.01199408,   0.10172898,  -0.09615508
     30605,  -0.01814490,   0.10172898,  -0.09615508
     30607,  -0.01199408,   0.09554296,  -0.09615508
     30609,  -0.01199408,   0.09554296,  -0.08992338
     30611,  -0.01199408,   0.09554296,  -0.08992338
     30614,  -0.01199408,   0.09554296,  -0.08992338
     30616,  -0.01814490,   0.08317094,  -0.08992338
     30618,  -0.01814490,   0.08317094,  -0.08369169
     30620,  -0.01814490,   0.08317094,  -0.08369169
     30622,  -0.01814490,   0.08317094,  -0.08369169
     30625,  -0.01199408,   0.07698492,  -0.08369169
     30627,  -0.01814490,   0.07698492,  -0.07745999
     30629,  -0.01814490,   0.07698492,  -0.07745999
     30631,  -0.01814490,   0.07698492,  -0.07122830
     30633,  -0.01814490,   0.07079890,  -0.07122830
     30637,  -0.01814490,   0.07079890,  -0.06499660
     30639,  -0.01814490,   0.06461290,  -0.05876491
     30641,  -0.01814490,   0.06461290,  -0.05876491
     30643,  -0.01199408,   0.05842688,  -0.06499660
     30645,  -0.01199408,   0.05224087,  -0.06499660
     30648,  -0.00584326,   0.05224087,  -0.06499660
     30650,  -0.00584326,   0.05842688,  -0.05876491
     30652,  -0.01199408,   0.05224087,  -0.05876491
     30654,  -0.01199408,   0.05224087,  -0.05253321
     30656,  -0.00584326,   0.05224087,  -0.05253321
     30659,  -0.01199408,   0.05224087,  -0.04630152
     30661,  -0.00584326,   0.04605485,  -0.04630152
     30663,  -0.00584326,   0.05224087,  -0.04006982
     30665,  -0.00584326,   0.04605485,  -0.03383813
     30667,  -0.00584326,   0.05224087,  -0.03383813
     30670,  -0.00584326,   0.04605485,  -0.04006982
     30672,  -0.00584326,   0.04605485,  -0.04006982
     30674,   0.00030756,   0.04605485,  -0.03383813
     30676,   0.00030756,   0.04605485,  -0.03383813
     30679,   0.00030756,   0.04605485,  -0.02760644
     30682,   0.00645837,   0.04605485,  -0.02760644
     30684,   0.00645837,   0.04605485,  -0.02137474
     30686,   0.00645837,   0.04605485,  -0.02137474
     30688,   0.00030756,   0.03986884,  -0.02137474
     30690,   0.00645837,   0.03986884,  -0.02137474
     30693,   0.00645837,   0.03986884,  -0.02137474
     30695,   0.00645837,   0.04605485,  -0.01514305
     30697,   0.00030756,   0.03986884,  -0.02137474
     30699,   0.00645837,   0.03986884,  -0.01514305
     30701,   0.00645837,   0.03986884,  -0.01514305
     30704,   0.00645837,   0.03986884,  -0.00891135
     30706,   0.00645837,   0.03986884,  -0.01514305
     30708,   0.00645837,   0.03986884,  -0.00891135
     30710,   0.00645837,   0.03986884,  -0.00267966
     30712,   0.01260919,   0.03986884,  -0.00891135
     30715,   0.01260919,   0.03986884,  -0.00891135
     30717,   0.01260919,   0.03986884,  -0.00267966
     30720,   0.01260919,   0.04605485,  -0.00267966
     30722,   0.01260919,   0.04605485,  -0.00267966
     30724,   0.00645837,   0.04605485,  -0.00267966
     30727,   0.00645837,   0.04605485,   0.00355204
     30729,   0.01260919,   0.03986884,   0.00355204
     30731,   0.01260919,   0.04605485,   0.00978373
     30733,   0.01260919,   0.04605485,   0.00978373
     30735,   0.01260919,   0.04605485,   0.01601543
     30738,   0.01260919,   0.04605485,   0.01601543
     30740,   0.01260919,   0.03986884,   0.00978373
     30742,   0.00645837,   0.04605485,   0.01601543
     30744,   0.01260919,   0.03986884,   0.01601543
     30746,   0.01260919,   0.03986884,   0.02224712
     30749,   0.01876001,   0.03986884,   0.01601543
     30751,   0.01260919,   0.03986884,   0.01601543
     30753,   0.01260919,   0.04605485,   0.02224712
     30755,   0.01260919,   0.04605485,   0.02224712
     30757,   0.01260919,   0.04605485,   0.02224712
     30760,   0.01260919,   0.03986884,   0.02847882
     30763,   0.01260919,   0.03986884,   0.03471051
     30765,   0.01876001,   0.03986884,   0.03471051
     30767,   0.01876001,   0.03368283,   0.02847882
     30769,   0.01260919,   0.03368283,   0.03471051
     30772,   0.01876001,   0.03986884,   0.04094220
     30774,   0.01876001,   0.03986884,   0.04094220
     30776,   0.01876001,   0.03368283,   0.04094220
     30778,   0.01876001,   0.03368283,   0.04094220
     30780,   0.01876001,   0.03986884,   0.05340559
     30783,   0.01876001,   0.03986884,   0.05340559
     30785,   0.01876001,   0.03986884,   0.05340559
     30787,   0.01876001,   0.03986884,   0.05963729
     30789,   0.01876001,   0.03368283,   0.05963729
     30791,   0.01876001,   0.03368283,   0.05963729
     30794,   0.01876001,   0.03368283,   0.05963729
     30796,   0.01876001,   0.03368283,   0.05963729
     30798,   0.01876001,   0.03986884,   0.06586898
     30800,   0.02491083,   0.03986884,   0.06586898
     30802,   0.02491083,   0.03986884,   0.07210068
     30804,   0.02491083,   0.03986884,   0.07210068
     30808,   0.02491083,   0.04605485,   0.07210068
     30810,   0.02491083,   0.03986884,   0.07833237
     30812,   0.02491083,   0.03986884,   0.07210068
     30814,   0.01876001,   0.03986884,   0.07833237
     30816,   0.01876001,   0.03986884,   0.08456407
     30819,   0.02491083,   0.03368283,   0.08456407
     30821,   0.02491083,   0.03368283,   0.08456407
     30823,   0.01876001,   0.03368283,   0.08456407
     30825,   0.01876001,   0.03986884,   0.08456407
     30827,   0.01876001,   0.03986884,   0.09079576
     30830,   0.02491083,   0.03986884,   0.09702746
     30832,   0.01876001,   0.03986884,   0.09702746
     30834,   0.01876001,   0.04605485,   0.09702746
     30836,   0.01876001,   0.04605485,   0.10325915
     30838,   0.02491083,   0.04605485,   0.09702746
     30841,   0.01876001,   0.03986884,   0.09702746
     30843,   0.01876001,   0.04605485,   0.10325915
     30845,   0.01876001,   0.03986884,   0.10325915
     30848,   0.02491083,   0.03986884,   0.10325915
     30850,   0.01876001,   0.03986884,   0.10325915
     30853,   0.02491083,   0.04605485,   0.10949084
     30855,   0.01876001,   0.04605485,   0.10949084
     30857,   0.01876001,   0.04605485,   0.10949084
     30859,   0.01876001,   0.03368283,   0.10949084
     30861,   0.01260919,   0.03368283,   0.10949084
     30864,   0.01876001,   0.03368283,   0.10949084
     30866,   0.01876001,   0.03986884,   0.10949084
     30868,   0.01876001,   0.02131080,   0.11572254
     30870,   0.01876001,   0.02749681,   0.11572254
     30872,   0.01876001,   0.01512479,   0.12195423
     30875,   0.02491083,  -0.00343325,   0.10949084
     30877,   0.02491083,  -0.01580528,   0.12195423
     30879,   0.02491083,  -0.02199129,   0.12818593
     30881,   0.01876001,  -0.02199129,   0.14064932
     30883,   0.03106165,  -0.02817730,   0.14688101
     30886,   0.03721246,  -0.02199129,   0.17180780
     30888,   0.04336328,   0.00275276,   0.16557610
     30891,   0.03721246,   0.03986884,   0.15311271
     30893,   0.03721246,   0.07698492,   0.15311271
     30896,   0.03721246,   0.09554296,   0.12195423
     30898,   0.03106165,   0.10172898,   0.12818593
     30900,   0.01260919,   0.08935694,   0.12818593
     30902,   0.00645837,   0.05842688,   0.15934440
     30904,   0.20943537,   0.61516804,  -0.08369169
     30907,   0.98443842,  -0.20138568,   0.53324604
     30909,   1.47035301,  -0.85091704,   1.38075650
     30911,   1.73483825,  -1.12310159,   0.46469742
     30913,   1.71638572,  -0.67152268,   1.19380569
     30915,   0.69534999,   0.54093587,   0.48339251
     30918,   0.03106165,   1.14716518,   0.50208759
     30920,  -0.68858403,   0.58423799,   0.91961116
     30922,  -1.15604627,  -0.16426960,   0.34006354
     30924,  -1.11914134,  -1.05505550,   0.88845265
     30926,  -0.79929876,  -1.33961213,  -0.14600863
     30929,  -0.84850532,  -1.71077287,   0.96946466
     30931,  -1.31596744,  -1.92109728,   0.86975759
     30934,  -1.58660352,  -2.03863168,   1.54278052
     30936,  -1.75882638,  -1.90253925,   1.88552380
     30938,  -1.86954105,  -1.22826385,   1.51162207
     30941,  -1.93720007,  -0.46119821,   1.84813356
     30943,  -1.77727878,   0.15740310,   1.51162207
     30945,  -1.21140361,   0.17596114,   1.45553684
     30947,  -0.47945625,  -0.30036187,   1.47423196
     30949,   0.12332392,  -0.59729052,   0.75758708
     30952,   0.40011072,  -0.65915066,   1.23742759
     30954,   0.55388117,  -0.61584854,   1.01308656
     30956,   0.36320582,  -0.60347652,   1.46800029
     30958,  -0.05504981,  -0.19519965,   1.62379265
     30960,  -0.43640053,   0.24400727,   1.49915874
     30963,  -0.54096442,   0.50381982,   1.74219477
     30965,  -0.70088571,   0.46051773,   1.51785386
     30967,  -0.76239389,   0.05842688,   1.22496414
     30969,  -0.44870216,  -0.46738422,   1.05047667
     30971,  -0.09195472,  -0.62203455,   0.35252693
     30974,   0.03106165,  -0.59729052,   0.45223403
     30977,  -0.19036780,  -0.34985000,   0.45846573
     30979,  -0.66398078,  -0.49212828,   0.37745371
     30981,  -0.90386271,  -0.61584854,   0.39614880
     30983,  -0.69473487,  -0.59729052,   0.27774659
     30986,  -0.30108252,  -0.88184708,   0.49585590
     30988,   0.03106165,  -1.05505550,   0.42107558
     30990,   0.06181573,  -1.07979953,   0.25281981
     30992,   0.04336328,  -1.12928760,   0.43977064
     30994,   0.12332392,  -1.23444986,   0.22789304
     30997,   0.30169764,  -1.27156591,   0.47716081
     30999,   0.40626153,  -1.25300789,   0.41484389
     31001,   0.44316643,  -1.14784563,   0.42107558
     31003,   0.48622218,  -1.01175344,   0.51455098
     31006,   0.48622218,  -0.86947507,   0.40238050
     31008,   0.47392052,  -0.74575484,   0.46469742
     31010,   0.46776971,  -0.64677864,   0.42730725
     31012,   0.43701562,  -0.56636041,   0.37745371
     31014,   0.41241235,  -0.49212828,   0.43977064
     31016,   0.36320582,  -0.44882619,   0.35252693
     31020,   0.34475335,  -0.41171011,   0.38368541
     31022,   0.30169764,  -0.38078004,   0.35875863
     31024,   0.27709436,  -0.34985000,   0.32760015
     31026,   0.24634027,  -0.33129194,   0.34006354
     31028,   0.22788782,  -0.31891993,   0.30890507
     31031,   0.21558619,  -0.31891993,   0.30890507
     31033,   0.19713373,  -0.31891993,   0.30890507
     31035,   0.19713373,  -0.31273392,   0.29644167
     31037,   0.19098291,  -0.30036187,   0.30267337
     31039,   0.20328455,  -0.25087377,   0.37745371
     31042,   0.21558619,  -0.25705978,   0.32136846
     31044,   0.25864190,  -0.26943180,   0.35875863
     31046,   0.27709436,  -0.26324579,   0.34006354
     31048,   0.32015008,  -0.18901365,   0.40861219
     31050,   0.32630092,  -0.21375769,   0.39614880
     31053,   0.36320582,  -0.17664161,   0.37122202
     31055,   0.35705501,  -0.18282764,   0.40861219
     31057,   0.38780910,  -0.12715352,   0.38991711
     31059,   0.36935663,  -0.11478148,   0.36499032
     31062,   0.40011072,  -0.16426960,   0.32136846
     31065,   0.40011072,  -0.16426960,   0.28397828
     31067,   0.44316643,  -0.15808357,   0.31513676
     31069,   0.44931728,  -0.17045560,   0.33383185
     31071,   0.46161890,  -0.17045560,   0.31513676
     31073,   0.47392052,  -0.18282764,   0.33383185
     31076,   0.47392052,  -0.20757169,   0.34006354
     31078,   0.48007137,  -0.21375769,   0.33383185
     31080,   0.45546809,  -0.20757169,   0.40238050
     31082,   0.43701562,  -0.17664161,   0.45846573
     31084,   0.39395991,  -0.06529338,   0.55817282
     31087,   0.35705501,   0.02131080,   0.68903846
     31089,   0.31399927,   0.10172898,   0.78874552
     31091,   0.29554683,   0.13884506,   0.96946466
     31093,   0.33245173,   0.08935694,   1.00685489
     31095,   0.38780910,   0.00893878,   0.97569638
     31098,   0.42471400,  -0.05910737,   0.96946466
     31100,   0.44316643,  -0.13952553,   0.91961116
     31102,   0.44316643,  -0.23231573,   0.90091604
     31105,   0.40626153,  -0.31273392,   0.86352587
     31107,   0.35705501,  -0.38696605,   0.84483081
     31110,   0.30784845,  -0.41789612,   0.85729420
     31112,   0.27709436,  -0.43026817,   0.85729420
     31114,   0.25249109,  -0.41789612,   0.86352587
     31116,   0.22173700,  -0.39315209,   0.86975759
     31118,   0.20943537,  -0.36222202,   0.86975759
     31121,   0.19098291,  -0.34366396,   0.86975759
     31123,   0.17868127,  -0.31891993,   0.85729420
     31125,   0.16637965,  -0.30654788,   0.85729420
     31127,   0.15407801,  -0.28798985,   0.86352587
     31129,   0.13562556,  -0.27561784,   0.86352587
     31132,   0.11717310,  -0.25705978,   0.85729420
     31134,   0.11102228,  -0.26324579,   0.86352587
     31136,   0.10487146,  -0.26324579,   0.86352587
     31138,   0.09872064,  -0.27561784,   0.86352587
     31140,   0.09256983,  -0.29417586,   0.85106248
     31143,   0.09256983,  -0.31273392,   0.84483081
     31145,   0.08641901,  -0.31891993,   0.83859909
     31148,   0.08641901,  -0.33129194,   0.83236742
     31150,   0.08026819,  -0.33129194,   0.82613569
     31152,   0.08026819,  -0.32510594,   0.82613569
     31155,   0.08026819,  -0.31891993,   0.83859909
     31157,   0.09256983,  -0.31273392,   0.83859909
     31159,   0.10487146,  -0.30036187,   0.84483081
     31161,   0.11717310,  -0.28180385,   0.86352587
     31163,   0.13562556,  -0.27561784,   0.86975759
     31166,   0.15407801,  -0.26943180,   0.87598926
     31168,   0.17253046,  -0.25705978,   0.88845265
     31170,   0.19098291,  -0.25087377,   0.90091604
     31172,   0.20328455,  -0.23231573,   0.91961116
     31174,   0.21558619,  -0.22612973,   0.93207449
     31177,   0.22788782,  -0.21375769,   0.95076960
     31179,   0.23403864,  -0.20757169,   0.96323299
     31181,   0.24018946,  -0.20138568,   0.98192805
     31183,   0.24634027,  -0.19519965,   1.00062311
     31185,   0.24634027,  -0.18901365,   1.01931822
     31188,   0.24634027,  -0.18901365,   1.03178167
     31191,   0.24018946,  -0.18282764,   1.05047667
     31193,   0.24018946,  -0.17664161,   1.06917179
     31195,   0.23403864,  -0.16426960,   1.08163524
     31197,   0.22173700,  -0.15808357,   1.09409857
     31200,   0.21558619,  -0.14571156,   1.10656202
     31202,   0.20328455,  -0.13952553,   1.10656202
     31204,   0.19713373,  -0.13952553,   1.10656202
     31206,   0.19098291,  -0.13333952,   1.11279368
     31208,   0.19098291,  -0.11478148,   1.13148868
     31210,   0.19098291,  -0.10240946,   1.15641546
     31213,   0.20328455,  -0.09003744,   1.17511058
     31215,   0.20943537,  -0.08385142,   1.18757403
     31217,   0.20943537,  -0.07766541,   1.21250081
     31219,   0.21558619,  -0.07766541,   1.21250081
     31221,   0.22173700,  -0.09003744,   1.20626903
     31224,   0.22173700,  -0.09622344,   1.20003736
     31226,   0.22173700,  -0.09622344,   1.17511058
     31228,   0.22173700,  -0.10859548,   1.15018380
     31230,   0.21558619,  -0.10859548,   1.11279368
     31233,   0.20328455,  -0.10859548,   1.09409857
     31236,   0.18483210,  -0.10859548,   1.06294012
     31238,   0.17868127,  -0.10859548,   1.03801334
     31240,   0.16022882,  -0.10859548,   1.00685489
     31242,   0.15407801,  -0.10240946,   0.97569638
     31244,   0.14177637,  -0.08385142,   0.94453788
     31247,   0.12947473,  -0.07147940,   0.91961116
     31249,   0.12332392,  -0.05910737,   0.90091604
     31251,   0.11102228,  -0.05292135,   0.88845265
     31253,   0.10487146,  -0.04673534,   0.87598926
     31255,   0.10487146,  -0.04673534,   0.86352587
     31258,   0.10487146,  -0.04054933,   0.85106248
     31260,   0.11102228,  -0.03436331,   0.85729420
     31262,   0.11717310,  -0.03436331,   0.85106248
     31264,   0.12947473,  -0.03436331,   0.85106248
     31266,   0.14792718,  -0.03436331,   0.84483081
     31269,   0.16022882,  -0.03436331,   0.83859909
     31271,   0.17868127,  -0.03436331,   0.83859909
     31273,   0.18483210,  -0.04673534,   0.84483081
     31276,   0.19713373,  -0.04673534,   0.85106248
     31278,   0.21558619,  -0.05292135,   0.85729420
     31281,   0.22788782,  -0.05910737,   0.86352587
     31283,   0.24018946,  -0.05292135,   0.86975759
     31285,   0.24634027,  -0.04673534,   0.86975759
     31287,   0.25864190,  -0.04673534,   0.87598926
     31289,   0.25864190,  -0.04673534,   0.87598926
     31292,   0.26479274,  -0.05292135,   0.88222098
     31294,   0.26479274,  -0.05292135,   0.88845265
     31296,   0.27094355,  -0.05910737,   0.90091604
     31298,   0.27094355,  -0.05910737,   0.90091604
     31300,   0.27709436,  -0.05910737,   0.90091604
     31303,   0.27709436,  -0.06529338,   0.90714777
     31305,   0.27709436,  -0.06529338,   0.90714777
     31307,   0.27709436,  -0.06529338,   0.90714777
     31309,   0.27094355,  -0.06529338,   0.90714777
     31311,   0.27094355,  -0.06529338,   0.90091604
     31314,   0.25249109,  -0.06529338,   0.90714777
     31316,   0.24634027,  -0.06529338,   0.91337943
     31319,   0.22788782,  -0.06529338,   0.91337943
     31321,   0.22788782,  -0.06529338,   0.91961116
     31323,   0.21558619,  -0.06529338,   0.91961116
     31326,   0.20943537,  -0.07147940,   0.91337943
     31328,   0.20328455,  -0.07147940,   0.90714777
     31330,   0.19713373,  -0.07766541,   0.90714777
     31332,   0.19098291,  -0.08385142,   0.90714777
     31334,   0.19098291,  -0.09003744,   0.90714777
     31337,   0.17868127,  -0.09003744,   0.90714777
     31339,   0.17868127,  -0.09622344,   0.90714777
     31341,   0.17868127,  -0.09622344,   0.91337943
     31343,   0.17868127,  -0.09622344,   0.91337943
     31345,   0.17868127,  -0.10240946,   0.91961116
     31348,   0.17868127,  -0.10859548,   0.91961116
     31350,   0.18483210,  -0.10859548,   0.93207449
     31352,   0.19098291,  -0.10240946,   0.93207449
     31354,   0.19713373,  -0.10240946,   0.93830621
     31356,   0.20328455,  -0.10240946,   0.93207449
     31360,   0.20943537,  -0.10240946,   0.93830621
     31362,   0.21558619,  -0.10240946,   0.93830621
     31364,   0.21558619,  -0.09622344,   0.94453788
     31366,   0.20943537,  -0.10240946,   0.94453788
     31368,   0.20943537,  -0.10240946,   0.94453788
     31371,   0.20943537,  -0.10240946,   0.94453788
     31373,   0.20328455,  -0.10240946,   0.95076960
     31375,   0.20328455,  -0.10240946,   0.95076960
     31377,   0.19713373,  -0.10240946,   0.95700127
     31379,   0.19713373,  -0.10240946,   0.96323299
     31382,   0.19098291,  -0.10240946,   0.96323299
     31384,   0.18483210,  -0.10240946,   0.96946466
     31386,   0.17868127,  -0.09622344,   0.97569638
     31388,   0.17868127,  -0.10240946,   0.97569638
     31390,   0.17253046,  -0.09622344,   0.97569638
     31393,   0.16637965,  -0.10240946,   0.96946466
     31395,   0.16637965,  -0.10240946,   0.96946466
     31397,   0.16637965,  -0.10240946,   0.96323299
     31399,   0.16637965,  -0.10240946,   0.96323299
     31401,   0.16637965,  -0.09003744,   0.96323299
     31405,   0.16637965,  -0.10240946,   0.95700127
     31407,   0.16637965,  -0.10240946,   0.95700127
     31409,   0.17253046,  -0.10859548,   0.95700127
     31411,   0.16637965,  -0.11478148,   0.96946466
     31413,   0.16637965,  -0.11478148,   0.97569638
     31416,   0.16637965,  -0.11478148,   0.96946466
     31418,   0.16637965,  -0.11478148,   0.96946466
     31420,   0.16022882,  -0.12096750,   0.97569638
     31422,   0.16022882,  -0.12096750,   0.98192805
     31424,   0.16637965,  -0.12715352,   0.98192805
     31427,   0.17253046,  -0.12715352,   0.98192805
     31429,   0.16637965,  -0.12715352,   0.98815978
     31431,   0.16637965,  -0.12096750,   0.98815978
     31433,   0.16637965,  -0.12715352,   0.98815978
     31435,   0.16637965,  -0.12715352,   0.98192805
     31438,   0.16022882,  -0.12715352,   0.98192805
     31440,   0.16022882,  -0.12715352,   0.98192805
     31442,   0.16022882,  -0.12715352,   0.98192805
     31444,   0.16022882,  -0.12096750,   0.97569638
     31447,   0.15407801,  -0.12096750,   0.96946466
     31450,   0.15407801,  -0.12096750,   0.96323299
     31452,   0.16022882,  -0.12715352,   0.95700127
     31454,   0.16637965,  -0.13333952,   0.94453788
     31456,   0.17253046,  -0.13333952,   0.94453788
     31458,   0.17868127,  -0.12715352,   0.93207449
     31461,   0.18483210,  -0.12715352,   0.93830621
     31463,   0.19098291,  -0.12715352,   0.93207449
     31465,   0.18483210,  -0.12715352,   0.93207449
     31467,   0.19098291,  -0.12715352,   0.92584282
     31469,   0.18483210,  -0.13333952,   0.93207449
     31472,   0.18483210,  -0.13333952,   0.92584282
     31474,   0.19098291,  -0.13333952,   0.93207449
     31476,   0.18483210,  -0.13333952,   0.93207449
     31478,   0.17868127,  -0.13952553,   0.93207449
     31480,   0.17868127,  -0.14571156,   0.92584282
     31483,   0.17868127,  -0.14571156,   0.93207449
     31485,   0.17868127,  -0.14571156,   0.93207449
     31488,   0.18483210,  -0.14571156,   0.93207449
     31490,   0.18483210,  -0.13952553,   0.93207449
     31493,   0.18483210,  -0.13952553,   0.92584282
     31495,   0.19098291,  -0.13952553,   0.92584282
     31497,   0.18483210,  -0.13952553,   0.92584282
     31499,   0.18483210,  -0.13952553,   0.91337943
     31501,   0.17868127,  -0.13952553,   0.91961116
     31504,   0.17868127,  -0.13952553,   0.91337943
     31506,   0.17868127,  -0.13333952,   0.91337943
     31508,   0.17868127,  -0.13952553,   0.91337943
     31510,   0.17868127,  -0.13952553,   0.91337943
     31512,   0.18483210,  -0.13333952,   0.91337943
     31515,   0.17868127,  -0.12715352,   0.91337943
     31517,   0.17868127,  -0.13333952,   0.91337943
     31519,   0.17868127,  -0.13333952,   0.91337943
     31521,   0.17868127,  -0.13333952,   0.91337943
     31523,   0.17868127,  -0.12715352,   0.91337943
     31526,   0.17868127,  -0.12715352,   0.91961116
     31528,   0.17868127,  -0.12715352,   0.92584282
     31531,   0.17253046,  -0.12715352,   0.92584282
     31533,   0.17253046,  -0.12715352,   0.92584282
     31535,   0.16637965,  -0.13333952,   0.93207449
     31538,   0.16022882,  -0.13333952,   0.93207449
     31540,   0.16022882,  -0.13333952,   0.93830621
     31542,   0.14792718,  -0.12715352,   0.93830621
     31544,   0.14177637,  -0.12715352,   0.93830621
     31546,   0.14177637,  -0.12715352,   0.94453788
     31549,   0.13562556,  -0.12096750,   0.93830621
     31551,   0.14177637,  -0.12096750,   0.93830621
     31553,   0.14177637,  -0.12096750,   0.93830621
     31555,   0.14792718,  -0.12096750,   0.94453788
     31557,   0.14792718,  -0.12096750,   0.93207449
     31560,   0.15407801,  -0.12096750,   0.93830621
     31562,   0.15407801,  -0.11478148,   0.93830621
     31564,   0.16022882,  -0.12096750,   0.93830621
     31566,   0.16637965,  -0.12096750,   0.93830621
     31568,   0.16637965,  -0.12096750,   0.93830621
     31571,   0.16637965,  -0.12715352,   0.93207449
     31574,   0.16637965,  -0.12715352,   0.93207449
     31576,   0.16637965,  -0.12096750,   0.93207449
     31578,   0.16637965,  -0.12715352,   0.92584282
     31580,   0.16637965,  -0.12715352,   0.92584282
     31583,   0.16637965,  -0.13333952,   0.91961116
     31585,   0.17253046,  -0.13952553,   0.91961116
     31587,   0.17868127,  -0.14571156,   0.91961116
     31589,   0.17868127,  -0.14571156,   0.91961116
     31591,   0.18483210,  -0.14571156,   0.91961116
     31594,   0.18483210,  -0.15189756,   0.92584282
     31596,   0.19713373,  -0.15189756,   0.92584282
     31598,   0.19098291,  -0.15189756,   0.92584282
     31600,   0.19713373,  -0.14571156,   0.93207449
     31602,   0.19713373,  -0.14571156,   0.93207449
     31604,   0.19713373,  -0.14571156,   0.93207449
     31607,   0.19713373,  -0.13952553,   0.93207449
     31609,   0.19713373,  -0.13333952,   0.93207449
     31611,   0.19713373,  -0.13333952,   0.93830621
     31613,   0.20328455,  -0.12715352,   0.93830621
     31616,   0.19713373,  -0.12715352,   0.93830621
     31619,   0.19713373,  -0.12715352,   0.93207449
     31621,   0.19713373,  -0.12096750,   0.93207449
     31623,   0.20328455,  -0.12715352,   0.93207449
     31625,   0.19713373,  -0.12715352,   0.92584282
     31627,   0.19713373,  -0.12715352,   0.92584282
     31630,   0.19713373,  -0.12715352,   0.93207449
     31632,   0.19098291,  -0.12715352,   0.93207449
     31634,   0.18483210,  -0.12096750,   0.93207449
     31636,   0.19098291,  -0.12096750,   0.93830621
     31638,   0.19713373,  -0.12096750,   0.93207449
     31641,   0.19098291,  -0.12096750,   0.92584282
     31643,   0.19098291,  -0.11478148,   0.93207449
     31645,   0.19713373,  -0.12096750,   0.93207449
     31647,   0.19713373,  -0.11478148,   0.93207449
     31649,   0.20328455,  -0.11478148,   0.93207449
     31652,   0.21558619,  -0.11478148,   0.93830621
     31654,   0.22173700,  -0.10859548,   0.93830621
     31656,   0.22173700,  -0.11478148,   0.94453788
     31659,   0.22788782,  -0.10859548,   0.94453788
     31661,   0.23403864,  -0.10859548,   0.94453788
     31664,   0.22788782,  -0.11478148,   0.94453788
     31666,   0.22173700,  -0.11478148,   0.93830621
     31668,   0.22788782,  -0.11478148,   0.95076960
     31670,   0.22173700,  -0.11478148,   0.95076960
     31672,   0.22173700,  -0.11478148,   0.94453788
     31675,   0.21558619,  -0.12096750,   0.95076960
     31677,   0.20943537,  -0.12096750,   0.94453788
     31679,   0.20328455,  -0.12096750,   0.95076960
     31681,   0.20328455,  -0.11478148,   0.94453788
     31683,   0.19713373,  -0.12096750,   0.95076960
     31686,   0.19713373,  -0.12096750,   0.95700127
     31688,   0.19098291,  -0.12096750,   0.95700127
     31690,   0.19098291,  -0.12096750,   0.96323299
     31692,   0.19098291,  -0.12715352,   0.96323299
     31694,   0.19713373,  -0.13333952,   0.96323299
     31697,   0.19098291,  -0.12715352,   0.96323299
     31699,   0.19713373,  -0.12715352,   0.96323299
     31702,   0.19713373,  -0.12715352,   0.96946466
     31704,   0.19713373,  -0.12096750,   0.96323299
     31706,   0.19098291,  -0.11478148,   0.96946466
     31709,   0.19713373,  -0.10859548,   0.96946466
     31711,   0.19713373,  -0.10859548,   0.96946466
     31713,   0.19713373,  -0.11478148,   0.96323299
     31715,   0.19098291,  -0.11478148,   0.96946466
     31718,   0.19713373,  -0.11478148,   0.96946466
     31720,   0.19098291,  -0.10859548,   0.96946466
     31722,   0.19098291,  -0.11478148,   0.96946466
     31724,   0.19713373,  -0.11478148,   0.96946466
     31726,   0.19098291,  -0.10859548,   0.96946466
     31728,   0.19098291,  -0.10859548,   0.97569638
     31731,   0.19098291,  -0.11478148,   0.97569638
     31733,   0.19713373,  -0.11478148,   0.98192805
     31735,   0.19713373,  -0.10859548,   0.98192805
     31737,   0.19098291,  -0.10859548,   0.98192805
     31739,   0.19713373,  -0.11478148,   0.98192805
     31742,   0.19713373,  -0.11478148,   0.98192805
     31745,   0.20328455,  -0.11478148,   0.96946466
     31747,   0.20328455,  -0.10859548,   0.96946466
     31749,   0.20328455,  -0.10859548,   0.96946466
     31751,   0.19713373,  -0.10859548,   0.97569638
     31754,   0.19713373,  -0.10859548,   0.96946466
     31756,   0.19713373,  -0.10240946,   0.96323299
     31758,   0.19713373,  -0.10240946,   0.96323299
     31760,   0.19713373,  -0.10240946,   0.96323299
     31762,   0.19713373,  -0.10240946,   0.95700127
     31765,   0.19713373,  -0.10859548,   0.95700127
     31767,   0.19098291,  -0.10859548,   0.96323299
     31769,   0.19098291,  -0.10859548,   0.96323299
     31771,   0.19098291,  -0.10859548,   0.95076960
     31773,   0.18483210,  -0.10859548,   0.95076960
     31776,   0.18483210,  -0.10859548,   0.95076960
     31778,   0.18483210,  -0.10240946,   0.95076960
     31780,   0.18483210,  -0.10859548,   0.94453788
     31782,   0.18483210,  -0.10859548,   0.93830621
     31784,   0.18483210,  -0.10859548,   0.93207449
     31788,   0.18483210,  -0.10859548,   0.93830621
     31790,   0.18483210,  -0.11478148,   0.93830621
     31792,   0.18483210,  -0.10859548,   0.92584282
     31794,   0.18483210,  -0.11478148,   0.92584282
     31797,   0.18483210,  -0.11478148,   0.92584282
     31799,   0.19098291,  -0.11478148,   0.92584282
     31801,   0.18483210,  -0.11478148,   0.91337943
     31803,   0.18483210,  -0.11478148,   0.91337943
     31805,   0.19098291,  -0.10859548,   0.91961116
     31807,   0.19098291,  -0.10859548,   0.91961116
     31810,   0.18483210,  -0.10859548,   0.91961116
     31812,   0.18483210,  -0.10859548,   0.91337943
     31814,   0.17868127,  -0.11478148,   0.91961116
     31816,   0.17868127,  -0.11478148,   0.91337943
     31818,   0.17253046,  -0.11478148,   0.91337943
     31821,   0.17868127,  -0.11478148,   0.91337943
     31823,   0.17868127,  -0.11478148,   0.91961116
     31825,   0.18483210,  -0.11478148,   0.91961116
     31827,   0.17868127,  -0.11478148,   0.91337943
     31830,   0.17868127,  -0.12096750,   0.91337943
     31833,   0.17868127,  -0.11478148,   0.90714777
     31835,   0.17868127,  -0.12096750,   0.90714777
     31837,   0.17868127,  -0.12715352,   0.90714777
     31839,   0.17253046,  -0.12715352,   0.91337943
     31841,   0.17253046,  -0.13333952,   0.91961116
     31844,   0.17253046,  -0.13333952,   0.91961116
     31846,   0.17253046,  -0.12715352,   0.91337943
     31848,   0.17253046,  -0.13333952,   0.91961116
     31850,   0.17253046,  -0.13333952,   0.91961116
     31852,   0.17253046,  -0.13333952,   0.91961116
     31855,   0.16637965,  -0.12715352,   0.91961116
     31857,   0.16637965,  -0.12715352,   0.91337943
     31859,   0.16637965,  -0.13333952,   0.91337943
     31861,   0.16637965,  -0.13333952,   0.91337943
     31863,   0.16637965,  -0.13333952,   0.91337943
     31866,   0.16637965,  -0.12715352,   0.91961116
     31868,   0.16637965,  -0.12096750,   0.91961116
     31870,   0.16637965,  -0.12096750,   0.91337943
     31873,   0.16637965,  -0.11478148,   0.91337943
     31875,   0.16637965,  -0.10859548,   0.91961116
     31878,   0.16637965,  -0.10240946,   0.91961116
     31880,   0.16637965,  -0.10240946,   0.91961116
     31882,   0.16022882,  -0.09622344,   0.91961116
     31884,   0.16022882,  -0.09622344,   0.92584282
     31886,   0.15407801,  -0.09622344,   0.92584282
     31889,   0.15407801,  -0.10240946,   0.93207449
     31891,   0.16022882,  -0.10859548,   0.93207449
     31893,   0.15407801,  -0.11478148,   0.93207449
     31895,   0.16022882,  -0.11478148,   0.93207449
     31897,   0.16637965,  -0.11478148,   0.93830621
     31900,   0.16637965,  -0.10859548,   0.93830621
     31902,   0.16022882,  -0.10859548,   0.93830621
     31904,   0.16637965,  -0.10859548,   0.94453788
     31906,   0.17253046,  -0.10240946,   0.94453788
     31908,   0.17253046,  -0.10859548,   0.94453788
     31911,   0.16022882,  -0.10859548,   0.94453788
     31913,   0.16022882,  -0.10859548,   0.95076960
     31916,   0.16022882,  -0.10859548,   0.95700127
     31918,   0.16022882,  -0.10859548,   0.95700127
     31920,   0.16022882,  -0.10859548,   0.95700127
     31923,   0.16022882,  -0.10859548,   0.96323299
     31925,   0.16637965,  -0.10859548,   0.95700127
     31927,   0.16022882,  -0.10859548,   0.95700127
     31929,   0.16022882,  -0.10859548,   0.95700127
     31931,   0.16637965,  -0.10859548,   0.95700127
     31934,   0.17253046,  -0.10859548,   0.95700127
     31936,   0.17253046,  -0.11478148,   0.95700127
     31938,   0.17253046,  -0.11478148,   0.95700127
     31940,   0.17253046,  -0.12096750,   0.95700127
     31942,   0.17253046,  -0.12096750,   0.95700127
     31945,   0.17868127,  -0.12096750,   0.95700127
     31947,   0.17868127,  -0.12096750,   0.96323299
     31949,   0.18483210,  -0.12096750,   0.96323299
     31951,   0.18483210,  -0.12715352,   0.96323299
     31953,   0.18483210,  -0.12096750,   0.95700127
     31955,   0.18483210,  -0.12715352,   0.95076960
     31959,   0.18483210,  -0.12715352,   0.95076960
     31961,   0.18483210,  -0.12715352,   0.95076960
     31963,   0.18483210,  -0.12096750,   0.93830621
     31965,   0.17868127,  -0.12096750,   0.93830621
     31967,   0.17868127,  -0.12096750,   0.93830621
     31970,   0.17868127,  -0.11478148,   0.93207449
     31972,   0.17868127,  -0.12096750,   0.93207449
     31974,   0.16637965,  -0.12096750,   0.93207449
     31976,   0.16637965,  -0.12096750,   0.93207449
     31978,   0.17253046,  -0.12096750,   0.93207449
     31981,   0.17253046,  -0.11478148,   0.92584282
     31983,   0.17253046,  -0.11478148,   0.93207449
     31985,   0.17253046,  -0.10859548,   0.93207449
     31987,   0.17253046,  -0.10240946,   0.93207449
     31989,   0.17868127,  -0.09622344,   0.92584282
     31992,   0.17253046,  -0.09622344,   0.92584282
     31994,   0.17253046,  -0.09622344,   0.92584282
     31996,   0.17253046,  -0.09622344,   0.92584282
     31998,   0.17868127,  -0.09622344,   0.92584282
     32001,   0.17868127,  -0.09622344,   0.92584282
     32004,   0.18483210,  -0.09622344,   0.93207449
     32006,   0.18483210,  -0.09622344,   0.93207449
     32008,   0.18483210,  -0.09622344,   0.93207449
     32010,   0.17868127,  -0.09622344,   0.93830621
     32012,   0.18483210,  -0.10240946,   0.95076960
     32015,   0.19098291,  -0.10240946,   0.95076960
     32017,   0.19098291,  -0.09622344,   0.95076960
     32019,   0.19098291,  -0.09622344,   0.95076960
     32021,   0.19098291,  -0.09622344,   0.95076960
     32023,   0.19098291,  -0.09622344,   0.95076960
     32026,   0.19098291,  -0.10240946,   0.95076960
     32028,   0.19098291,  -0.10240946,   0.94453788
     32030,   0.19713373,  -0.10240946,   0.95076960
     32032,   0.20328455,  -0.09622344,   0.95076960
     32034,   0.20328455,  -0.09622344,   0.94453788
     32037,   0.20328455,  -0.09622344,   0.93830621
     32039,   0.20328455,  -0.09622344,   0.95076960
     32041,   0.20328455,  -0.10240946,   0.95076960
     32044,   0.20328455,  -0.10240946,   0.95076960
     32046,   0.20328455,  -0.10240946,   0.95076960
     32049,   0.19713373,  -0.10859548,   0.95700127
     32051,   0.19713373,  -0.10859548,   0.95700127
     32053,   0.19713373,  -0.10859548,   0.96323299
     32055,   0.19713373,  -0.10859548,   0.96946466
     32057,   0.19098291,  -0.10859548,   0.96946466
     32060,   0.19098291,  -0.10859548,   0.97569638
     32062,   0.19098291,  -0.10859548,   0.97569638
     32064,   0.18483210,  -0.10859548,   0.97569638
     32066,   0.19098291,  -0.10859548,   0.97569638
     32068,   0.19713373,  -0.11478148,   0.97569638
     32071,   0.19713373,  -0.11478148,   0.96946466
     32073,   0.19713373,  -0.12096750,   0.97569638
     32075,   0.20328455,  -0.12096750,   0.97569638
     32077,   0.20943537,  -0.12096750,   0.97569638
     32079,   0.21558619,  -0.12096750,   0.96946466
     32082,   0.20328455,  -0.12715352,   0.96946466
     32084,   0.20943537,  -0.12096750,   0.96946466
     32087,   0.20328455,  -0.12096750,   0.97569638
     32089,   0.20328455,  -0.12096750,   0.97569638
     32091,   0.19713373,  -0.12715352,   0.96946466
     32094,   0.19713373,  -0.12715352,   0.96946466
     32096,   0.19098291,  -0.12715352,   0.96946466
     32098,   0.19098291,  -0.12715352,   0.96946466
     32100,   0.19098291,  -0.13333952,   0.96946466
     32102,   0.19098291,  -0.13952553,   0.96323299
     32105,   0.19098291,  -0.13333952,   0.96323299
     32107,   0.18483210,  -0.13333952,   0.95700127
     32109,   0.17868127,  -0.13333952,   0.95700127
     32111,   0.17253046,  -0.13333952,   0.95076960
     32113,   0.17253046,  -0.13333952,   0.94453788
     32116,   0.16637965,  -0.12715352,   0.94453788
     32118,   0.16637965,  -0.12715352,   0.94453788
     32120,   0.16022882,  -0.12715352,   0.94453788
     32122,   0.15407801,  -0.12715352,   0.94453788
     32124,   0.15407801,  -0.12096750,   0.93207449
     32126,   0.15407801,  -0.12096750,   0.93207449
     32130,   0.15407801,  -0.12096750,   0.93207449
     32132,   0.16022882,  -0.11478148,   0.93207449
     32134,   0.16022882,  -0.11478148,   0.93207449
     32136,   0.16022882,  -0.11478148,   0.92584282
     32138,   0.16022882,  -0.10859548,   0.92584282
     32141,   0.16637965,  -0.11478148,   0.92584282
     32143,   0.17868127,  -0.11478148,   0.93207449
     32145,   0.17868127,  -0.11478148,   0.93207449
     32147,   0.17868127,  -0.11478148,   0.93830621
     32149,   0.17868127,  -0.11478148,   0.93830621
     32152,   0.17868127,  -0.11478148,   0.93830621
     32154,   0.17253046,  -0.10859548,   0.94453788
     32156,   0.17253046,  -0.11478148,   0.94453788
     32158,   0.17868127,  -0.11478148,   0.94453788
     32160,   0.17868127,  -0.12096750,   0.94453788
     32163,   0.17868127,  -0.12715352,   0.93830621
     32165,   0.18483210,  -0.12096750,   0.93830621
     32167,   0.18483210,  -0.12715352,   0.93207449


Arduino now in Stasis
Ready to run wrapper program

